toco,fhr
0.0,185.5
0.0,185.5
0.0,185.5
48.0,185.5
48.0,185.5
48.0,152.5
89.5,152.5
89.5,152.5
89.5,153.25
89.5,153.25
89.5,153.25
89.5,153.5
89.5,153.5
89.5,153.5
89.5,154.75
0.0,154.75
0.0,154.75
0.0,156.5
17.5,156.5
17.5,156.5
17.5,156.5
17.0,156.5
17.0,156.5
17.0,157.75
14.5,157.75
14.5,157.75
14.5,158.5
14.0,158.5
14.0,158.5
14.0,159.5
13.0,159.5
13.0,159.5
13.0,159.5
14.0,159.5
14.0,159.5
14.0,159.75
12.0,159.75
12.0,159.75
12.0,159.75
12.0,159.75
12.0,159.75
12.0,156.0
14.0,156.0
14.0,156.0
14.0,154.25
14.0,154.25
14.0,154.25
14.0,151.75
13.0,151.75
13.0,151.75
13.0,149.75
12.5,149.75
12.5,149.75
12.5,145.5
13.5,145.5
13.5,145.5
13.5,145.5
14.5,145.5
14.5,145.5
14.5,146.0
14.5,146.0
14.5,146.0
14.5,143.0
15.5,143.0
15.5,143.0
15.5,144.0
15.5,144.0
15.5,144.0
15.5,142.75
13.0,142.75
13.0,142.75
13.0,142.25
15.5,142.25
15.5,142.25
15.5,142.75
15.5,142.75
15.5,142.75
15.5,143.75
13.0,143.75
13.0,143.75
13.0,146.0
13.5,146.0
13.5,146.0
13.5,146.0
15.5,146.0
15.5,146.0
15.5,141.5
15.5,141.5
15.5,141.5
15.5,144.0
12.5,144.0
12.5,144.0
12.5,143.0
13.5,143.0
13.5,143.0
13.5,148.25
15.0,148.25
15.0,148.25
15.0,148.25
13.5,148.25
13.5,148.25
13.5,148.25
15.0,148.25
15.0,148.25
15.0,148.25
16.5,148.25
16.5,148.25
16.5,145.75
17.5,145.75
17.5,145.75
17.5,147.25
15.5,147.25
15.5,147.25
15.5,143.75
17.0,143.75
17.0,143.75
17.0,143.0
19.0,143.0
19.0,143.0
19.0,142.0
18.0,142.0
18.0,142.0
18.0,140.5
16.5,140.5
16.5,140.5
16.5,142.25
18.5,142.25
18.5,142.25
18.5,142.25
19.5,142.25
19.5,142.25
19.5,145.25
17.5,145.25
17.5,145.25
17.5,139.5
17.0,139.5
17.0,139.5
17.0,141.0
19.0,141.0
19.0,141.0
19.0,141.0
17.0,141.0
17.0,141.0
17.0,142.25
16.5,142.25
16.5,142.25
16.5,142.25
19.5,142.25
19.5,142.25
19.5,145.25
16.5,145.25
16.5,145.25
16.5,148.25
15.5,148.25
15.5,148.25
15.5,147.5
17.5,147.5
17.5,147.5
17.5,149.5
18.0,149.5
18.0,149.5
18.0,149.5
15.0,149.5
15.0,149.5
15.0,146.0
15.5,146.0
15.5,146.0
15.5,143.0
17.0,143.0
17.0,143.0
17.0,139.25
15.0,139.25
15.0,139.25
15.0,131.25
14.5,131.25
14.5,131.25
14.5,139.75
17.0,139.75
17.0,139.75
17.0,149.25
17.5,149.25
17.5,149.25
17.5,151.5
15.5,151.5
15.5,151.5
15.5,152.75
16.5,152.75
16.5,152.75
16.5,152.75
19.0,152.75
19.0,152.75
19.0,162.0
17.0,162.0
17.0,162.0
17.0,161.0
18.0,161.0
18.0,161.0
18.0,163.0
19.5,163.0
19.5,163.0
19.5,163.0
19.5,163.0
19.5,163.0
19.5,157.5
17.5,157.5
17.5,157.5
17.5,154.75
19.5,154.75
19.5,154.75
19.5,152.0
20.5,152.0
20.5,152.0
20.5,151.25
17.0,151.25
17.0,151.25
17.0,151.0
16.5,151.0
16.5,151.0
16.5,151.25
16.5,151.25
16.5,151.25
16.5,150.5
18.0,150.5
18.0,150.5
18.0,154.0
15.5,154.0
15.5,154.0
15.5,154.5
16.5,154.5
16.5,154.5
16.5,154.75
16.5,154.75
16.5,154.75
16.5,154.75
15.0,154.75
15.0,154.75
15.0,154.5
15.5,154.5
15.5,154.5
15.5,154.5
15.5,154.5
15.5,154.5
15.5,149.75
15.5,149.75
15.5,149.75
15.5,149.75
14.5,149.75
14.5,149.75
14.5,153.5
16.5,153.5
16.5,153.5
16.5,145.25
16.5,145.25
16.5,145.25
16.5,146.0
15.0,146.0
15.0,146.0
15.0,147.0
15.5,147.0
15.5,147.0
15.5,149.0
16.5,149.0
16.5,149.0
16.5,145.0
16.5,145.0
16.5,145.0
16.5,143.5
15.0,143.5
15.0,143.5
15.0,136.25
16.5,136.25
16.5,136.25
16.5,149.0
17.0,149.0
17.0,149.0
17.0,150.0
15.0,150.0
15.0,150.0
15.0,156.0
15.0,156.0
15.0,156.0
15.0,158.5
16.5,158.5
16.5,158.5
16.5,158.0
15.0,158.0
15.0,158.0
15.0,159.25
15.5,159.25
15.5,159.25
15.5,162.75
16.0,162.75
16.0,162.75
16.0,163.5
16.5,163.5
16.5,163.5
16.5,164.0
14.0,164.0
14.0,164.0
14.0,160.0
15.0,160.0
15.0,160.0
15.0,159.0
16.5,159.0
16.5,159.0
16.5,154.75
16.5,154.75
16.5,154.75
16.5,151.0
14.5,151.0
14.5,151.0
14.5,151.75
15.5,151.75
15.5,151.75
15.5,150.25
15.5,150.25
15.5,150.25
15.5,149.75
16.0,149.75
16.0,149.75
16.0,150.5
16.5,150.5
16.5,150.5
16.5,153.0
15.5,153.0
15.5,153.0
15.5,147.5
15.5,147.5
15.5,147.5
15.5,150.75
16.0,150.75
16.0,150.75
16.0,152.0
15.0,152.0
15.0,152.0
15.0,153.5
15.5,153.5
15.5,153.5
15.5,151.25
16.0,151.25
16.0,151.25
16.0,154.25
16.5,154.25
16.5,154.25
16.5,158.25
15.5,158.25
15.5,158.25
15.5,158.25
16.0,158.25
16.0,158.25
16.0,158.25
16.5,158.25
16.5,158.25
16.5,160.5
18.5,160.5
18.5,160.5
18.5,162.0
16.5,162.0
16.5,162.0
16.5,162.5
18.0,162.5
18.0,162.5
18.0,161.5
20.0,161.5
20.0,161.5
20.0,162.75
19.5,162.75
19.5,162.75
19.5,161.25
18.0,161.25
18.0,161.25
18.0,160.75
19.5,160.75
19.5,160.75
19.5,161.5
20.5,161.5
20.5,161.5
20.5,162.25
20.0,162.25
20.0,162.25
20.0,162.75
18.5,162.75
18.5,162.75
18.5,162.75
20.0,162.75
20.0,162.75
20.0,162.75
21.5,162.75
21.5,162.75
21.5,164.75
18.5,164.75
18.5,164.75
18.5,164.75
18.5,164.75
18.5,164.75
18.5,166.25
17.5,166.25
17.5,166.25
17.5,164.75
19.0,164.75
19.0,164.75
19.0,165.5
20.0,165.5
20.0,165.5
20.0,165.5
18.0,165.5
18.0,165.5
18.0,167.5
18.5,167.5
18.5,167.5
18.5,167.5
19.5,167.5
19.5,167.5
19.5,162.75
18.5,162.75
18.5,162.75
18.5,162.75
18.5,162.75
18.5,162.75
18.5,164.0
19.5,164.0
19.5,164.0
19.5,162.0
20.5,162.0
20.5,162.0
20.5,163.5
19.5,163.5
19.5,163.5
19.5,165.25
20.0,165.25
20.0,165.25
20.0,166.0
18.5,166.0
18.5,166.0
18.5,167.0
20.0,167.0
20.0,167.0
20.0,167.0
18.5,167.0
18.5,167.0
18.5,167.0
19.5,167.0
19.5,167.0
19.5,169.0
20.5,169.0
20.5,169.0
20.5,169.25
20.0,169.25
20.0,169.25
20.0,167.25
20.0,167.25
20.0,167.25
20.0,166.25
18.5,166.25
18.5,166.25
18.5,168.25
20.5,168.25
20.5,168.25
20.5,165.75
18.5,165.75
18.5,165.75
18.5,168.5
20.0,168.5
20.0,168.5
20.0,169.0
21.0,169.0
21.0,169.0
21.0,168.5
19.5,168.5
19.5,168.5
19.5,168.75
20.5,168.75
20.5,168.75
20.5,169.25
23.0,169.25
23.0,169.25
23.0,167.25
23.0,167.25
23.0,167.25
23.0,165.75
23.0,165.75
23.0,165.75
23.0,164.5
24.0,164.5
24.0,164.5
24.0,166.25
27.5,166.25
27.5,166.25
27.5,166.5
27.5,166.5
27.5,166.5
27.5,167.5
28.0,167.5
28.0,167.5
28.0,167.5
29.5,167.5
29.5,167.5
29.5,164.75
31.0,164.75
31.0,164.75
31.0,163.0
29.0,163.0
29.0,163.0
29.0,161.25
30.0,161.25
30.0,161.25
30.0,160.5
33.0,160.5
33.0,160.5
33.0,160.0
31.0,160.0
31.0,160.0
31.0,161.0
30.0,161.0
30.0,161.0
30.0,161.25
32.5,161.25
32.5,161.25
32.5,161.75
32.5,161.75
32.5,161.75
32.5,162.25
29.0,162.25
29.0,162.25
29.0,163.25
30.5,163.25
30.5,163.25
30.5,164.75
32.5,164.75
32.5,164.75
32.5,164.75
28.5,164.75
28.5,164.75
28.5,163.0
29.0,163.0
29.0,163.0
29.0,160.75
32.5,160.75
32.5,160.75
32.5,160.75
30.0,160.75
30.0,160.75
30.0,161.25
28.0,161.25
28.0,161.25
28.0,163.0
30.5,163.0
30.5,163.0
30.5,164.25
32.0,164.25
32.0,164.25
32.0,164.75
27.5,164.75
27.5,164.75
27.5,164.75
33.5,164.75
33.5,164.75
33.5,164.75
30.0,164.75
30.0,164.75
30.0,164.75
27.5,164.75
27.5,164.75
27.5,162.25
30.5,162.25
30.5,162.25
30.5,161.75
32.0,161.75
32.0,161.75
32.0,159.5
30.0,159.5
30.0,159.5
30.0,158.25
29.0,158.25
29.0,158.25
29.0,161.0
33.5,161.0
33.5,161.0
33.5,157.75
35.0,157.75
35.0,157.75
35.0,156.0
30.5,156.0
30.5,156.0
30.5,155.0
35.5,155.0
35.5,155.0
35.5,153.0
38.0,153.0
38.0,153.0
38.0,151.25
34.5,151.25
34.5,151.25
34.5,150.0
32.0,150.0
32.0,150.0
32.0,149.75
35.5,149.75
35.5,149.75
35.5,150.75
38.0,150.75
38.0,150.75
38.0,151.5
39.0,151.5
39.0,151.5
39.0,147.5
39.5,147.5
39.5,147.5
39.5,149.0
39.5,149.0
39.5,149.0
39.5,150.5
42.5,150.5
42.5,150.5
42.5,145.75
39.0,145.75
39.0,145.75
39.0,149.0
37.0,149.0
37.0,149.0
37.0,151.75
34.5,151.75
34.5,151.75
34.5,157.0
34.0,157.0
34.0,157.0
34.0,158.5
32.5,158.5
32.5,158.5
32.5,159.5
35.0,159.5
35.0,159.5
35.0,156.25
41.0,156.25
41.0,156.25
41.0,155.0
42.0,155.0
42.0,155.0
42.0,152.75
43.5,152.75
43.5,152.75
43.5,148.75
46.0,148.75
46.0,148.75
46.0,148.75
44.0,148.75
44.0,148.75
44.0,151.75
45.5,151.75
45.5,151.75
45.5,152.25
48.0,152.25
48.0,152.25
48.0,150.0
45.5,150.0
45.5,150.0
45.5,153.5
46.0,153.5
46.0,153.5
46.0,155.0
48.5,155.0
48.5,155.0
48.5,155.25
47.0,155.25
47.0,155.25
47.0,155.5
45.0,155.5
45.0,155.5
45.0,157.25
46.0,157.25
46.0,157.25
46.0,153.5
47.0,153.5
47.0,153.5
47.0,151.75
42.0,151.75
42.0,151.75
42.0,150.5
42.0,150.5
42.0,150.5
42.0,151.5
45.0,151.5
45.0,151.5
45.0,147.75
41.0,147.75
41.0,147.75
41.0,147.75
39.0,147.75
39.0,147.75
39.0,153.25
39.5,153.25
39.5,153.25
39.5,154.25
40.5,154.25
40.5,154.25
40.5,154.75
37.0,154.75
37.0,154.75
37.0,153.0
35.5,153.0
35.5,153.0
35.5,155.0
38.0,155.0
38.0,155.0
38.0,155.0
35.5,155.0
35.5,155.0
35.5,150.75
34.0,150.75
34.0,150.75
34.0,148.5
36.5,148.5
36.5,148.5
36.5,150.25
37.0,150.25
37.0,150.25
37.0,151.5
32.5,151.5
32.5,151.5
32.5,150.5
33.5,150.5
33.5,150.5
33.5,152.0
33.5,152.0
33.5,152.0
33.5,152.25
34.5,152.25
34.5,152.25
34.5,152.25
34.5,152.25
34.5,152.25
34.5,150.0
31.5,150.0
31.5,150.0
31.5,149.5
30.0,149.5
30.0,149.5
30.0,150.25
27.5,150.25
27.5,150.25
27.5,150.5
25.5,150.5
25.5,150.5
25.5,151.0
25.0,151.0
25.0,151.0
25.0,151.25
25.0,151.25
25.0,151.25
25.0,151.25
25.0,151.25
25.0,151.25
25.0,156.25
26.5,156.25
26.5,156.25
26.5,157.0
27.0,157.0
27.0,157.0
27.0,147.5
25.5,147.5
25.5,147.5
25.5,144.25
27.0,144.25
27.0,144.25
27.0,141.0
28.5,141.0
28.5,141.0
28.5,139.75
30.0,139.75
30.0,139.75
30.0,141.75
28.0,141.75
28.0,141.75
28.0,144.5
27.5,144.5
27.5,144.5
27.5,147.25
28.5,147.25
28.5,147.25
28.5,149.25
28.5,149.25
28.5,149.25
28.5,150.75
27.0,150.75
27.0,150.75
27.0,151.75
28.0,151.75
28.0,151.75
28.0,155.0
30.0,155.0
30.0,155.0
30.0,155.0
30.0,155.0
30.0,155.0
30.0,152.25
30.0,152.25
30.0,152.25
30.0,155.0
31.0,155.0
31.0,155.0
31.0,156.0
32.0,156.0
32.0,156.0
32.0,157.0
30.0,157.0
30.0,157.0
30.0,157.0
29.5,157.0
29.5,157.0
29.5,155.0
31.0,155.0
31.0,155.0
31.0,156.0
31.5,156.0
31.5,156.0
31.5,157.75
29.0,157.75
29.0,157.75
29.0,157.75
28.0,157.75
28.0,157.75
28.0,155.75
25.5,155.75
25.5,155.75
25.5,153.75
23.5,153.75
23.5,153.75
23.5,151.75
25.5,151.75
25.5,151.75
25.5,148.0
22.0,148.0
22.0,148.0
22.0,147.5
21.5,147.5
21.5,147.5
21.5,147.25
22.0,147.25
22.0,147.25
22.0,146.5
22.5,146.5
22.5,146.5
22.5,145.75
22.5,145.75
22.5,145.75
22.5,146.5
21.5,146.5
21.5,146.5
21.5,148.0
23.0,148.0
23.0,148.0
23.0,152.0
23.0,152.0
23.0,152.0
23.0,156.25
23.5,156.25
23.5,156.25
23.5,156.75
23.5,156.75
23.5,156.75
23.5,156.75
23.5,156.75
23.5,156.75
23.5,158.25
23.5,158.25
23.5,158.25
23.5,159.5
25.5,159.5
25.5,159.5
25.5,158.25
24.0,158.25
24.0,158.25
24.0,158.75
22.0,158.75
22.0,158.75
22.0,157.0
20.5,157.0
20.5,157.0
20.5,159.0
20.5,159.0
20.5,159.0
20.5,159.0
20.5,159.0
20.5,159.0
20.5,159.0
20.5,159.0
20.5,159.0
20.5,155.75
22.0,155.75
22.0,155.75
22.0,154.25
20.5,154.25
20.5,154.25
20.5,153.5
19.5,153.5
19.5,153.5
19.5,154.5
20.5,154.5
20.5,154.5
20.5,156.25
21.5,156.25
21.5,156.25
21.5,154.75
21.5,154.75
21.5,154.75
21.5,157.75
22.0,157.75
22.0,157.75
22.0,158.0
23.0,158.0
23.0,158.0
23.0,158.75
23.0,158.75
23.0,158.75
23.0,156.75
23.0,156.75
23.0,156.75
23.0,156.25
23.0,156.25
23.0,156.25
23.0,156.75
24.0,156.75
24.0,156.75
24.0,153.75
23.0,153.75
23.0,153.75
23.0,153.5
24.0,153.5
24.0,153.5
24.0,154.0
25.0,154.0
25.0,154.0
25.0,155.75
25.5,155.75
25.5,155.75
25.5,156.5
25.5,156.5
25.5,156.5
25.5,156.5
25.5,156.5
25.5,156.5
25.5,157.25
26.5,157.25
26.5,157.25
26.5,157.75
25.0,157.75
25.0,157.75
25.0,156.0
24.0,156.0
24.0,156.0
24.0,156.75
26.0,156.75
26.0,156.75
26.0,158.25
24.0,158.25
24.0,158.25
24.0,156.75
22.5,156.75
22.5,156.75
22.5,155.0
24.5,155.0
24.5,155.0
24.5,156.75
22.0,156.75
22.0,156.75
22.0,155.25
21.0,155.25
21.0,155.25
21.0,156.25
22.5,156.25
22.5,156.25
22.5,157.25
25.0,157.25
25.0,157.25
25.0,157.25
25.5,157.25
25.5,157.25
25.5,157.25
26.5,157.25
26.5,157.25
26.5,157.25
21.5,157.25
21.5,157.25
21.5,154.75
19.5,154.75
19.5,154.75
19.5,153.5
19.0,153.5
19.0,153.5
19.0,150.5
18.5,150.5
18.5,150.5
18.5,149.75
19.5,149.75
19.5,149.75
19.5,148.25
19.5,148.25
19.5,148.25
19.5,148.0
18.0,148.0
18.0,148.0
18.0,149.5
19.5,149.5
19.5,149.5
19.5,149.75
20.0,149.75
20.0,149.75
20.0,149.0
17.5,149.0
17.5,149.0
17.5,147.5
18.0,147.5
18.0,147.5
18.0,147.5
19.5,147.5
19.5,147.5
19.5,148.5
21.0,148.5
21.0,148.5
21.0,150.25
20.0,150.25
20.0,150.25
20.0,151.75
20.5,151.75
20.5,151.75
20.5,152.0
24.0,152.0
24.0,152.0
24.0,153.25
24.0,153.25
24.0,153.25
24.0,156.0
21.5,156.0
21.5,156.0
21.5,158.25
23.0,158.25
23.0,158.25
23.0,158.25
26.5,158.25
26.5,158.25
26.5,158.25
25.5,158.25
25.5,158.25
25.5,159.5
24.0,159.5
24.0,159.5
24.0,157.5
26.5,157.5
26.5,157.5
26.5,156.0
30.0,156.0
30.0,156.0
30.0,157.75
30.0,157.75
30.0,157.75
30.0,159.25
25.0,159.25
25.0,159.25
25.0,161.25
25.0,161.25
25.0,161.25
25.0,161.25
27.5,161.25
27.5,161.25
27.5,161.25
25.0,161.25
25.0,161.25
25.0,161.25
23.5,161.25
23.5,161.25
23.5,160.5
23.0,160.5
23.0,160.5
23.0,163.0
27.5,163.0
27.5,163.0
27.5,169.0
24.0,169.0
24.0,169.0
24.0,169.0
24.0,169.0
24.0,169.0
24.0,169.0
25.5,169.0
25.5,169.0
25.5,163.25
28.0,163.25
28.0,163.25
28.0,161.0
29.0,161.0
29.0,161.0
29.0,161.0
26.0,161.0
26.0,161.0
26.0,161.5
29.5,161.5
29.5,161.5
29.5,165.0
32.0,165.0
32.0,165.0
32.0,161.0
28.5,161.0
28.5,161.0
28.5,161.75
27.0,161.75
27.0,161.75
27.0,161.75
30.5,161.75
30.5,161.75
30.5,161.75
31.5,161.75
31.5,161.75
31.5,161.0
26.0,161.0
26.0,161.0
26.0,148.25
25.0,148.25
25.0,148.25
25.0,146.25
29.5,146.25
29.5,146.25
29.5,143.75
27.5,143.75
27.5,143.75
27.5,142.0
25.0,142.0
25.0,142.0
25.0,142.0
24.0,142.0
24.0,142.0
24.0,143.25
27.5,143.25
27.5,143.25
27.5,145.25
27.5,145.25
27.5,145.25
27.5,146.5
23.5,146.5
23.5,146.5
23.5,149.5
22.5,149.5
22.5,149.5
22.5,149.5
24.0,149.5
24.0,149.5
24.0,150.5
20.5,150.5
20.5,150.5
20.5,151.5
19.0,151.5
19.0,151.5
19.0,152.5
18.5,152.5
18.5,152.5
18.5,154.0
22.0,154.0
22.0,154.0
22.0,154.75
22.0,154.75
22.0,154.75
22.0,154.75
18.5,154.75
18.5,154.75
18.5,156.25
17.0,156.25
17.0,156.25
17.0,157.5
15.5,157.5
15.5,157.5
15.5,157.75
15.5,157.75
15.5,157.75
15.5,158.0
16.5,158.0
16.5,158.0
16.5,158.25
17.5,158.25
17.5,158.25
17.5,157.0
19.0,157.0
19.0,157.0
19.0,157.75
17.0,157.75
17.0,157.75
17.0,157.75
16.0,157.75
16.0,157.75
16.0,158.25
17.0,158.25
17.0,158.25
17.0,158.5
17.5,158.5
17.5,158.5
17.5,159.75
16.0,159.75
16.0,159.75
16.0,162.25
16.5,162.25
16.5,162.25
16.5,163.25
14.5,163.25
14.5,163.25
14.5,163.75
14.0,163.75
14.0,163.75
14.0,161.5
15.5,161.5
15.5,161.5
15.5,162.75
13.5,162.75
13.5,162.75
13.5,164.0
13.5,164.0
13.5,164.0
13.5,165.5
16.0,165.5
16.0,165.5
16.0,167.25
16.5,167.25
16.5,167.25
16.5,166.25
16.5,166.25
16.5,166.25
16.5,167.25
16.5,167.25
16.5,167.25
16.5,170.5
17.0,170.5
17.0,170.5
17.0,171.5
18.0,171.5
18.0,171.5
18.0,174.0
16.0,174.0
16.0,174.0
16.0,171.0
15.5,171.0
15.5,171.0
15.5,157.75
16.0,157.75
16.0,157.75
16.0,157.75
16.5,157.75
16.5,157.75
16.5,161.25
14.5,161.25
14.5,161.25
14.5,162.25
15.5,162.25
15.5,162.25
15.5,164.0
17.5,164.0
17.5,164.0
17.5,164.25
15.0,164.25
15.0,164.25
15.0,165.25
15.0,165.25
15.0,165.25
15.0,162.75
15.5,162.75
15.5,162.75
15.5,164.25
17.5,164.25
17.5,164.25
17.5,163.75
17.5,163.75
17.5,163.75
17.5,164.75
15.5,164.75
15.5,164.75
15.5,164.75
16.0,164.75
16.0,164.75
16.0,164.75
16.5,164.75
16.5,164.75
16.5,162.5
16.5,162.5
16.5,162.5
16.5,168.0
14.5,168.0
14.5,168.0
14.5,173.0
16.0,173.0
16.0,173.0
16.0,169.5
16.5,169.5
16.5,169.5
16.5,171.75
16.5,171.75
16.5,171.75
16.5,172.25
16.5,172.25
16.5,172.25
16.5,173.0
16.5,173.0
16.5,173.0
16.5,172.0
19.0,172.0
19.0,172.0
19.0,171.5
17.0,171.5
17.0,171.5
17.0,172.0
19.0,172.0
19.0,172.0
19.0,170.25
19.5,170.25
19.5,170.25
19.5,170.75
20.0,170.75
20.0,170.75
20.0,170.75
18.5,170.75
18.5,170.75
18.5,172.0
20.0,172.0
20.0,172.0
20.0,171.25
20.0,171.25
20.0,171.25
20.0,170.0
18.0,170.0
18.0,170.0
18.0,169.25
19.0,169.25
19.0,169.25
19.0,168.0
19.0,168.0
19.0,168.0
19.0,165.0
20.0,165.0
20.0,165.0
20.0,168.0
20.0,168.0
20.0,168.0
20.0,159.25
20.0,159.25
20.0,159.25
20.0,156.75
20.0,156.75
20.0,156.75
20.0,159.75
21.5,159.75
21.5,159.75
21.5,160.25
20.0,160.25
20.0,160.25
20.0,162.0
19.0,162.0
19.0,162.0
19.0,162.0
20.5,162.0
20.5,162.0
20.5,162.25
21.5,162.25
21.5,162.25
21.5,162.25
19.5,162.25
19.5,162.25
19.5,164.5
19.0,164.5
19.0,164.5
19.0,164.75
18.5,164.75
18.5,164.75
18.5,165.5
20.0,165.5
20.0,165.5
20.0,167.0
20.0,167.0
20.0,167.0
20.0,167.5
17.0,167.5
17.0,167.5
17.0,167.5
18.0,167.5
18.0,167.5
18.0,167.75
19.0,167.75
19.0,167.75
19.0,158.5
21.5,158.5
21.5,158.5
21.5,156.25
17.5,156.25
17.5,156.25
17.5,158.75
16.5,158.75
16.5,158.75
16.5,153.75
14.5,153.75
14.5,153.75
14.5,158.0
14.5,158.0
14.5,158.0
14.5,160.0
16.5,160.0
16.5,160.0
16.5,156.5
15.5,156.5
15.5,156.5
15.5,158.0
16.0,158.0
16.0,158.0
16.0,160.0
17.5,160.0
17.5,160.0
17.5,161.25
19.0,161.25
19.0,161.25
19.0,164.0
18.0,164.0
18.0,164.0
18.0,164.5
19.0,164.5
19.0,164.5
19.0,166.5
20.0,166.5
20.0,166.5
20.0,166.5
22.0,166.5
22.0,166.5
22.0,163.0
23.5,163.0
23.5,163.0
23.5,165.25
32.0,165.25
32.0,165.25
32.0,165.5
28.0,165.5
28.0,165.5
28.0,161.25
29.0,161.25
29.0,161.25
29.0,164.75
30.5,164.75
30.5,164.75
30.5,167.25
27.0,167.25
27.0,167.25
27.0,167.75
31.5,167.75
31.5,167.75
31.5,171.0
31.5,171.0
31.5,171.0
31.5,171.0
30.0,171.0
30.0,171.0
30.0,166.75
31.5,166.75
31.5,166.75
31.5,169.25
34.0,169.25
34.0,169.25
34.0,166.5
34.0,166.5
34.0,166.5
34.0,166.5
31.5,166.5
31.5,166.5
31.5,170.0
32.5,170.0
32.5,170.0
32.5,173.5
35.5,173.5
35.5,173.5
35.5,173.75
32.5,173.75
32.5,173.75
32.5,169.5
33.5,169.5
33.5,169.5
33.5,168.0
37.5,168.0
37.5,168.0
37.5,168.0
37.5,168.0
37.5,168.0
37.5,169.5
35.5,169.5
35.5,169.5
35.5,167.5
36.5,167.5
36.5,167.5
36.5,164.25
39.5,164.25
39.5,164.25
39.5,161.25
35.5,161.25
35.5,161.25
35.5,164.5
35.0,164.5
35.0,164.5
35.0,159.0
37.5,159.0
37.5,159.0
37.5,159.0
39.0,159.0
39.0,159.0
39.0,161.5
36.0,161.5
36.0,161.5
36.0,158.5
35.0,158.5
35.0,158.5
35.0,161.25
39.5,161.25
39.5,161.25
39.5,161.25
39.5,161.25
39.5,161.25
39.5,159.25
35.0,159.25
35.0,159.25
35.0,162.75
40.5,162.75
40.5,162.75
40.5,162.75
40.5,162.75
40.5,162.75
40.5,159.5
36.0,159.5
36.0,159.5
36.0,159.5
35.0,159.5
35.0,159.5
35.0,162.75
37.5,162.75
37.5,162.75
37.5,164.75
37.5,164.75
37.5,164.75
37.5,158.25
34.0,158.25
34.0,158.25
34.0,157.0
41.0,157.0
41.0,157.0
41.0,161.0
36.5,161.0
36.5,161.0
36.5,161.0
40.5,161.0
40.5,161.0
40.5,157.75
41.0,157.75
41.0,157.75
41.0,159.25
38.5,159.25
38.5,159.25
38.5,159.5
42.0,159.5
42.0,159.5
42.0,159.5
42.0,159.5
42.0,159.5
42.0,160.25
38.5,160.25
38.5,160.25
38.5,160.75
35.5,160.75
35.5,160.75
35.5,161.25
37.5,161.25
37.5,161.25
37.5,162.75
30.5,162.75
30.5,162.75
30.5,165.0
30.5,165.0
30.5,165.0
30.5,166.25
27.5,166.25
27.5,166.25
27.5,167.75
26.0,167.75
26.0,167.75
26.0,168.0
26.0,168.0
26.0,168.0
26.0,164.25
25.0,164.25
25.0,164.25
25.0,161.0
23.5,161.0
23.5,161.0
23.5,158.75
23.5,158.75
23.5,158.75
23.5,162.0
25.5,162.0
25.5,162.0
25.5,165.25
23.5,165.25
23.5,165.25
23.5,166.0
22.0,166.0
22.0,166.0
22.0,167.75
22.5,167.75
22.5,167.75
22.5,166.25
24.0,166.25
24.0,166.25
24.0,167.5
21.5,167.5
21.5,167.5
21.5,170.0
24.5,170.0
24.5,170.0
24.5,170.25
23.5,170.25
23.5,170.25
23.5,170.75
22.5,170.75
22.5,170.75
22.5,171.5
20.5,171.5
20.5,171.5
20.5,172.75
18.5,172.75
18.5,172.75
18.5,173.0
18.5,173.0
18.5,173.0
18.5,174.5
22.0,174.5
22.0,174.5
22.0,175.0
22.0,175.0
22.0,175.0
22.0,173.75
19.0,173.75
19.0,173.75
19.0,175.5
19.0,175.5
19.0,175.5
19.0,175.5
20.0,175.5
20.0,175.5
20.0,175.5
18.5,175.5
18.5,175.5
18.5,174.0
19.0,174.0
19.0,174.0
19.0,176.25
19.0,176.25
19.0,176.25
19.0,176.25
17.5,176.25
17.5,176.25
17.5,176.25
19.0,176.25
19.0,176.25
19.0,176.25
19.0,176.25
19.0,176.25
19.0,176.25
17.0,176.25
17.0,176.25
17.0,181.5
18.5,181.5
18.5,181.5
18.5,183.75
19.0,183.75
19.0,183.75
19.0,179.5
17.5,179.5
17.5,179.5
17.5,181.0
18.5,181.0
18.5,181.0
18.5,177.75
18.5,177.75
18.5,177.75
18.5,177.75
18.5,177.75
18.5,177.75
18.5,179.25
19.0,179.25
19.0,179.25
19.0,181.75
15.5,181.75
15.5,181.75
15.5,182.0
16.5,182.0
16.5,182.0
16.5,183.75
21.5,183.75
21.5,183.75
21.5,181.0
27.0,181.0
27.0,181.0
27.0,182.25
34.5,182.25
34.5,182.25
34.5,183.75
35.0,183.75
35.0,183.75
35.0,183.75
44.5,183.75
44.5,183.75
44.5,184.0
35.5,184.0
35.5,184.0
35.5,183.25
28.0,183.25
28.0,183.25
28.0,181.75
29.5,181.75
29.5,181.75
29.5,183.5
37.5,183.5
37.5,183.5
37.5,183.5
43.0,183.5
43.0,183.5
43.0,181.0
46.5,181.0
46.5,181.0
46.5,179.25
48.5,179.25
48.5,179.25
48.5,176.75
45.5,176.75
45.5,176.75
45.5,176.75
37.0,176.75
37.0,176.75
37.0,179.0
37.0,179.0
37.0,179.0
37.0,177.0
25.0,177.0
25.0,177.0
25.0,178.5
20.0,178.5
20.0,178.5
20.0,178.75
18.5,178.75
18.5,178.75
18.5,173.5
18.5,173.5
18.5,173.5
18.5,175.5
17.0,175.5
17.0,175.5
17.0,173.0
17.0,173.0
17.0,173.0
17.0,174.75
20.5,174.75
20.5,174.75
20.5,174.75
20.5,174.75
20.5,174.75
20.5,175.25
17.5,175.25
17.5,175.25
17.5,175.25
20.0,175.25
20.0,175.25
20.0,158.5
22.0,158.5
22.0,158.5
22.0,158.25
19.5,158.25
19.5,158.25
19.5,172.25
22.0,172.25
22.0,172.25
22.0,143.25
23.0,143.25
23.0,143.25
23.0,145.5
19.0,145.5
19.0,145.5
19.0,146.0
20.0,146.0
20.0,146.0
20.0,146.25
20.5,146.25
20.5,146.25
20.5,132.75
21.5,132.75
21.5,132.75
21.5,132.75
19.0,132.75
19.0,132.75
19.0,144.0
23.0,144.0
23.0,144.0
23.0,143.25
25.5,143.25
25.5,143.25
25.5,157.75
25.5,157.75
25.5,157.75
25.5,152.25
27.5,152.25
27.5,152.25
27.5,152.25
28.5,152.25
28.5,152.25
28.5,156.5
28.5,156.5
28.5,156.5
28.5,151.0
31.5,151.0
31.5,151.0
31.5,149.25
27.5,149.25
27.5,149.25
27.5,148.0
26.5,148.0
26.5,148.0
26.5,153.25
25.0,153.25
25.0,153.25
25.0,153.25
27.0,153.25
27.0,153.25
27.0,146.25
23.5,146.25
23.5,146.25
23.5,144.75
23.0,144.75
23.0,144.75
23.0,143.75
24.5,143.75
24.5,143.75
24.5,142.5
24.5,142.5
24.5,142.5
24.5,141.75
20.0,141.75
20.0,141.75
20.0,140.5
22.0,140.5
22.0,140.5
22.0,139.75
23.0,139.75
23.0,139.75
23.0,139.25
20.0,139.25
20.0,139.25
20.0,142.25
19.0,142.25
19.0,142.25
19.0,156.0
20.0,156.0
20.0,156.0
20.0,138.5
36.0,138.5
36.0,138.5
36.0,141.75
41.5,141.75
41.5,141.75
41.5,141.75
46.5,141.75
46.5,141.75
46.5,140.5
49.0,140.5
49.0,140.5
49.0,139.25
54.0,139.25
54.0,139.25
54.0,138.75
48.5,138.75
48.5,138.75
48.5,138.0
45.0,138.0
45.0,138.0
45.0,137.75
42.0,137.75
42.0,137.75
42.0,137.25
38.0,137.25
38.0,137.25
38.0,136.75
36.0,136.75
36.0,136.75
36.0,135.75
31.0,135.75
31.0,135.75
31.0,135.25
27.5,135.25
27.5,135.25
27.5,135.0
31.5,135.0
31.5,135.0
31.5,135.0
23.0,135.0
23.0,135.0
23.0,134.75
29.0,134.75
29.0,134.75
29.0,144.0
27.0,144.0
27.0,144.0
27.0,132.5
23.5,132.5
23.5,132.5
23.5,130.25
20.5,130.25
20.5,130.25
20.5,128.25
23.0,128.25
23.0,128.25
23.0,130.75
25.0,130.75
25.0,130.75
25.0,136.5
26.0,136.5
26.0,136.5
26.0,136.5
20.5,136.5
20.5,136.5
20.5,137.0
22.0,137.0
22.0,137.0
22.0,126.0
23.0,126.0
23.0,126.0
23.0,124.25
19.5,124.25
19.5,124.25
19.5,123.25
18.5,123.25
18.5,123.25
18.5,122.5
17.0,122.5
17.0,122.5
17.0,122.25
18.5,122.25
18.5,122.25
18.5,121.75
19.0,121.75
19.0,121.75
19.0,126.25
16.5,126.25
16.5,126.25
16.5,108.75
17.5,108.75
17.5,108.75
17.5,108.5
15.5,108.5
15.5,108.5
15.5,112.5
17.0,112.5
17.0,112.5
17.0,113.25
17.5,113.25
17.5,113.25
17.5,109.5
15.0,109.5
15.0,109.5
15.0,108.5
17.5,108.5
17.5,108.5
17.5,118.0
22.0,118.0
22.0,118.0
22.0,114.25
16.5,114.25
16.5,114.25
16.5,116.5
18.5,116.5
18.5,116.5
18.5,111.75
21.0,111.75
21.0,111.75
21.0,116.5
22.5,116.5
22.5,116.5
22.5,115.5
23.0,115.5
23.0,115.5
23.0,118.5
19.0,118.5
19.0,118.5
19.0,115.25
21.0,115.25
21.0,115.25
21.0,116.0
25.5,116.0
25.5,116.0
25.5,116.0
19.5,116.0
19.5,116.0
19.5,113.0
17.5,113.0
17.5,113.0
17.5,112.0
15.0,112.0
15.0,112.0
15.0,111.0
28.0,111.0
28.0,111.0
28.0,116.5
43.5,116.5
43.5,116.5
43.5,110.25
68.5,110.25
68.5,110.25
68.5,103.5
60.0,103.5
60.0,103.5
60.0,98.25
67.5,98.25
67.5,98.25
67.5,97.25
67.5,97.25
67.5,97.25
67.5,95.75
58.0,95.75
58.0,95.75
58.0,95.5
57.0,95.5
57.0,95.5
57.0,95.25
56.0,95.25
56.0,95.25
56.0,95.0
60.0,95.0
60.0,95.0
60.0,96.0
63.5,96.0
63.5,96.0
63.5,94.75
64.0,94.75
64.0,94.75
64.0,94.5
67.0,94.5
67.0,94.5
67.0,98.25
70.5,98.25
70.5,98.25
70.5,93.25
67.0,93.25
67.0,93.25
67.0,91.75
65.5,91.75
65.5,91.75
65.5,95.0
71.5,95.0
71.5,95.0
71.5,95.75
73.0,95.75
73.0,95.75
73.0,95.75
68.0,95.75
68.0,95.75
68.0,92.5
67.0,92.5
67.0,92.5
67.0,91.25
71.0,91.25
71.0,91.25
71.0,93.5
67.0,93.5
67.0,93.5
67.0,93.75
71.0,93.75
71.0,93.75
71.0,93.25
69.0,93.25
69.0,93.25
69.0,93.5
74.5,93.5
74.5,93.5
74.5,109.75
73.0,109.75
73.0,109.75
73.0,109.75
71.5,109.75
71.5,109.75
71.5,108.5
75.0,108.5
75.0,108.5
75.0,109.5
67.5,109.5
67.5,109.5
67.5,109.75
72.0,109.75
72.0,109.75
72.0,109.75
73.0,109.75
73.0,109.75
73.0,115.5
75.5,115.5
75.5,115.5
75.5,117.0
78.5,117.0
78.5,117.0
78.5,117.0
72.0,117.0
72.0,117.0
72.0,117.0
71.0,117.0
71.0,117.0
71.0,117.0
69.5,117.0
69.5,117.0
69.5,117.0
66.0,117.0
66.0,117.0
66.0,116.0
76.5,116.0
76.5,116.0
76.5,117.5
76.5,117.5
76.5,117.5
76.5,119.25
74.0,119.25
74.0,119.25
74.0,124.25
71.5,124.25
71.5,124.25
71.5,118.75
73.0,118.75
73.0,118.75
73.0,122.25
76.0,122.25
76.0,122.25
76.0,123.25
76.5,123.25
76.5,123.25
76.5,124.25
78.5,124.25
78.5,124.25
78.5,117.25
70.5,117.25
70.5,117.25
70.5,120.5
67.0,120.5
67.0,120.5
67.0,122.0
64.0,122.0
64.0,122.0
64.0,122.25
62.5,122.25
62.5,122.25
62.5,124.5
71.0,124.5
71.0,124.5
71.0,120.75
78.0,120.75
78.0,120.75
78.0,122.5
74.5,122.5
74.5,122.5
74.5,120.5
70.0,120.5
70.0,120.5
70.0,123.5
69.5,123.5
69.5,123.5
69.5,123.5
75.5,123.5
75.5,123.5
75.5,120.5
68.5,120.5
68.5,120.5
68.5,120.25
68.0,120.25
68.0,120.25
68.0,120.25
64.5,120.25
64.5,120.25
64.5,121.25
61.5,121.25
61.5,121.25
61.5,123.5
60.5,123.5
60.5,123.5
60.5,120.0
63.0,120.0
63.0,120.0
63.0,127.0
63.5,127.0
63.5,127.0
63.5,122.25
65.0,122.25
65.0,122.25
65.0,124.0
68.0,124.0
68.0,124.0
68.0,124.75
71.5,124.75
71.5,124.75
71.5,125.5
74.5,125.5
74.5,125.5
74.5,126.5
74.5,126.5
74.5,126.5
74.5,127.25
67.0,127.25
67.0,127.25
67.0,131.25
61.5,131.25
61.5,131.25
61.5,124.25
59.0,124.25
59.0,124.25
59.0,119.75
64.5,119.75
64.5,119.75
64.5,121.25
65.0,121.25
65.0,121.25
65.0,122.75
62.5,122.75
62.5,122.75
62.5,125.5
62.0,125.5
62.0,125.5
62.0,122.5
63.5,122.5
63.5,122.5
63.5,125.0
65.0,125.0
65.0,125.0
65.0,125.0
70.5,125.0
70.5,125.0
70.5,119.5
68.5,119.5
68.5,119.5
68.5,116.25
65.0,116.25
65.0,116.25
65.0,119.0
63.5,119.0
63.5,119.0
63.5,119.5
68.5,119.5
68.5,119.5
68.5,119.0
66.5,119.0
66.5,119.0
66.5,119.25
62.0,119.25
62.0,119.25
62.0,107.25
67.0,107.25
67.0,107.25
67.0,106.5
69.0,106.5
69.0,106.5
69.0,106.0
66.5,106.0
66.5,106.0
66.5,108.0
64.0,108.0
64.0,108.0
64.0,111.0
62.5,111.0
62.5,111.0
62.5,116.0
58.5,116.0
58.5,116.0
58.5,119.75
61.5,119.75
61.5,119.75
61.5,119.75
68.0,119.75
68.0,119.75
68.0,114.25
69.5,114.25
69.5,114.25
69.5,113.5
68.0,113.5
68.0,113.5
68.0,113.25
65.0,113.25
65.0,113.25
65.0,116.5
61.0,116.5
61.0,116.5
61.0,119.0
64.5,119.0
64.5,119.0
64.5,119.25
69.5,119.25
69.5,119.25
69.5,118.0
71.5,118.0
71.5,118.0
71.5,116.0
71.5,116.0
71.5,116.0
71.5,115.25
68.5,115.25
68.5,115.25
68.5,114.75
65.0,114.75
65.0,114.75
65.0,115.5
65.0,115.5
65.0,115.5
65.0,114.5
68.5,114.5
68.5,114.5
68.5,114.0
66.0,114.0
66.0,114.0
66.0,114.0
65.5,114.0
65.5,114.0
65.5,111.5
67.5,111.5
67.5,111.5
67.5,115.25
70.5,115.25
70.5,115.25
70.5,118.25
70.5,118.25
70.5,118.25
70.5,122.75
68.5,122.75
68.5,122.75
68.5,134.5
69.5,134.5
69.5,134.5
69.5,136.75
73.0,136.75
73.0,136.75
73.0,133.0
72.0,133.0
72.0,133.0
72.0,122.25
68.5,122.25
68.5,122.25
68.5,118.5
76.5,118.5
76.5,118.5
76.5,115.25
76.5,115.25
76.5,115.25
76.5,116.25
68.5,116.25
68.5,116.25
68.5,119.25
79.5,119.25
79.5,119.25
79.5,122.75
70.0,122.75
70.0,122.75
70.0,122.0
78.0,122.0
78.0,122.0
78.0,122.0
78.5,122.0
78.5,122.0
78.5,122.5
79.5,122.5
79.5,122.5
79.5,116.25
71.5,116.25
71.5,116.25
71.5,129.25
84.5,129.25
84.5,129.25
84.5,131.25
72.5,131.25
72.5,131.25
72.5,131.75
72.5,131.75
72.5,131.75
72.5,125.25
68.5,125.25
68.5,125.25
68.5,121.75
83.0,121.75
83.0,121.75
83.0,121.25
84.0,121.25
84.0,121.25
84.0,122.75
84.5,122.75
84.5,122.75
84.5,117.25
85.5,117.25
85.5,117.25
85.5,123.25
88.0,123.25
88.0,123.25
88.0,116.75
84.5,116.75
84.5,116.75
84.5,116.0
85.5,116.0
85.5,116.0
85.5,115.0
85.5,115.0
85.5,115.0
85.5,113.75
85.5,113.75
85.5,113.75
85.5,105.5
93.5,105.5
93.5,105.5
93.5,103.75
101.0,103.75
101.0,103.75
101.0,105.0
101.0,105.0
101.0,105.0
101.0,107.5
101.0,107.5
101.0,107.5
101.0,107.75
101.0,107.75
101.0,107.75
101.0,109.75
101.0,109.75
101.0,109.75
101.0,108.75
101.0,108.75
101.0,108.75
101.0,110.25
101.0,110.25
101.0,110.25
101.0,112.25
101.0,112.25
101.0,112.25
101.0,112.5
101.0,112.5
101.0,112.5
101.0,110.5
101.0,110.5
101.0,110.5
101.0,109.0
101.0,109.0
101.0,109.0
101.0,111.25
101.0,111.25
101.0,111.25
101.0,112.25
101.0,112.25
101.0,112.25
101.0,112.25
101.0,112.25
101.0,112.25
101.0,112.25
101.0,112.25
101.0,112.25
101.0,108.0
101.0,108.0
101.0,108.0
101.0,108.0
101.0,108.0
101.0,108.0
101.0,109.0
101.0,109.0
101.0,109.0
101.0,109.5
101.0,109.5
101.0,109.5
101.0,109.5
101.0,109.5
101.0,109.5
101.0,111.25
101.0,111.25
101.0,111.25
101.0,109.25
101.0,109.25
101.0,109.25
101.0,108.0
101.0,108.0
101.0,108.0
101.0,110.25
101.0,110.25
101.0,110.25
101.0,112.25
101.0,112.25
101.0,112.25
101.0,110.5
101.0,110.5
101.0,110.5
101.0,110.75
99.0,110.75
99.0,110.75
99.0,111.75
97.5,111.75
97.5,111.75
97.5,112.0
96.0,112.0
96.0,112.0
96.0,114.25
96.0,114.25
96.0,114.25
96.0,114.25
97.5,114.25
97.5,114.25
97.5,110.5
97.0,110.5
97.0,110.5
97.0,111.5
97.0,111.5
97.0,111.5
97.0,112.75
92.0,112.75
92.0,112.75
92.0,111.75
92.5,111.75
92.5,111.75
92.5,111.25
92.5,111.25
92.5,111.25
92.5,114.0
89.0,114.0
89.0,114.0
89.0,114.0
87.5,114.0
87.5,114.0
87.5,110.5
85.5,110.5
85.5,110.5
85.5,109.5
85.0,109.5
85.0,109.5
85.0,108.75
84.5,108.75
84.5,108.75
84.5,109.75
83.0,109.75
83.0,109.75
83.0,111.75
79.5,111.75
79.5,111.75
79.5,111.75
76.5,111.75
76.5,111.75
76.5,113.25
73.0,113.25
73.0,113.25
73.0,113.25
72.0,113.25
72.0,113.25
72.0,108.0
73.5,108.0
73.5,108.0
73.5,107.25
75.0,107.25
75.0,107.25
75.0,108.25
75.0,108.25
75.0,108.25
75.0,108.25
71.5,108.25
71.5,108.25
71.5,102.25
69.0,102.25
69.0,102.25
69.0,102.25
66.5,102.25
66.5,102.25
66.5,104.25
65.0,104.25
65.0,104.25
65.0,104.25
66.5,104.25
66.5,104.25
66.5,102.0
68.0,102.0
68.0,102.0
68.0,98.5
65.5,98.5
65.5,98.5
65.5,101.75
64.0,101.75
64.0,101.75
64.0,105.25
62.0,105.25
62.0,105.25
62.0,105.25
60.5,105.25
60.5,105.25
60.5,105.25
63.0,105.25
63.0,105.25
63.0,99.75
63.5,99.75
63.5,99.75
63.5,98.0
61.0,98.0
61.0,98.0
61.0,98.0
59.0,98.0
59.0,98.0
59.0,100.75
59.0,100.75
59.0,100.75
59.0,105.0
61.0,105.0
61.0,105.0
61.0,105.0
60.0,105.0
60.0,105.0
60.0,105.0
58.5,105.0
58.5,105.0
58.5,103.25
57.5,103.25
57.5,103.25
57.5,104.0
59.0,104.0
59.0,104.0
59.0,107.75
60.0,107.75
60.0,107.75
60.0,108.25
57.5,108.25
57.5,108.25
57.5,110.0
56.5,110.0
56.5,110.0
56.5,110.5
58.5,110.5
58.5,110.5
58.5,108.75
59.0,108.75
59.0,108.75
59.0,109.5
57.5,109.5
57.5,109.5
57.5,109.5
56.5,109.5
56.5,109.5
56.5,109.5
58.0,109.5
58.0,109.5
58.0,109.75
58.0,109.75
58.0,109.75
58.0,108.75
58.0,108.75
58.0,108.75
58.0,105.5
55.5,105.5
55.5,105.5
55.5,103.75
56.5,103.75
56.5,103.75
56.5,101.75
57.5,101.75
57.5,101.75
57.5,101.75
56.5,101.75
56.5,101.75
56.5,103.5
57.5,103.5
57.5,103.5
57.5,105.0
55.0,105.0
55.0,105.0
55.0,106.0
54.0,106.0
54.0,106.0
54.0,106.0
57.0,106.0
57.0,106.0
57.0,106.0
58.0,106.0
58.0,106.0
58.0,108.25
56.5,108.25
56.5,108.25
56.5,108.75
57.0,108.75
57.0,108.75
57.0,110.75
58.0,110.75
58.0,110.75
58.0,114.0
58.5,114.0
58.5,114.0
58.5,110.75
56.5,110.75
56.5,110.75
56.5,114.0
58.0,114.0
58.0,114.0
58.0,110.5
59.0,110.5
59.0,110.5
59.0,109.75
60.5,109.75
60.5,109.75
60.5,111.25
58.5,111.25
58.5,111.25
58.5,116.25
59.5,116.25
59.5,116.25
59.5,112.0
62.0,112.0
62.0,112.0
62.0,110.75
64.0,110.75
64.0,110.75
64.0,111.5
62.5,111.5
62.5,111.5
62.5,111.5
63.0,111.5
63.0,111.5
63.0,116.0
65.5,116.0
65.5,116.0
65.5,109.0
67.0,109.0
67.0,109.0
67.0,116.0
65.0,116.0
65.0,116.0
65.0,111.5
66.5,111.5
66.5,111.5
66.5,111.75
68.0,111.75
68.0,111.75
68.0,111.75
70.0,111.75
70.0,111.75
70.0,112.0
73.0,112.0
73.0,112.0
73.0,112.0
71.0,112.0
71.0,112.0
71.0,115.0
66.5,115.0
66.5,115.0
66.5,115.0
78.5,115.0
78.5,115.0
78.5,111.75
65.5,111.75
65.5,111.75
65.5,112.0
72.0,112.0
72.0,112.0
72.0,112.0
73.0,112.0
73.0,112.0
73.0,112.25
77.0,112.25
77.0,112.25
77.0,112.25
81.5,112.25
81.5,112.25
81.5,112.25
82.0,112.25
82.0,112.25
82.0,112.25
82.0,112.25
82.0,112.25
82.0,112.5
86.5,112.5
86.5,112.5
86.5,112.5
84.0,112.5
84.0,112.5
84.0,112.5
85.5,112.5
85.5,112.5
85.5,112.5
86.5,112.5
86.5,112.5
86.5,112.5
92.0,112.5
92.0,112.5
92.0,112.5
84.5,112.5
84.5,112.5
84.5,112.5
92.0,112.5
92.0,112.5
92.0,114.75
93.5,114.75
93.5,114.75
93.5,108.25
89.0,108.25
89.0,108.25
89.0,112.75
88.0,112.75
88.0,112.75
88.0,113.0
91.5,113.0
91.5,113.0
91.5,113.25
92.5,113.25
92.5,113.25
92.5,122.25
89.0,122.25
89.0,122.25
89.0,108.25
91.0,108.25
91.0,108.25
91.0,109.0
93.5,109.0
93.5,109.0
93.5,113.75
90.0,113.75
90.0,113.75
90.0,113.75
88.5,113.75
88.5,113.75
88.5,113.75
92.0,113.75
92.0,113.75
92.0,114.0
93.0,114.0
93.0,114.0
93.0,114.25
89.0,114.25
89.0,114.25
89.0,114.25
87.5,114.25
87.5,114.25
87.5,114.5
89.5,114.5
89.5,114.5
89.5,114.5
92.0,114.5
92.0,114.5
92.0,114.5
87.5,114.5
87.5,114.5
87.5,117.25
86.0,117.25
86.0,117.25
86.0,117.5
92.0,117.5
92.0,117.5
92.0,114.75
92.0,114.75
92.0,114.75
92.0,115.0
86.0,115.0
86.0,115.0
86.0,115.25
84.0,115.25
84.0,115.25
84.0,115.75
83.0,115.75
83.0,115.75
83.0,115.75
85.5,115.75
85.5,115.75
85.5,115.75
82.0,115.75
82.0,115.75
82.0,116.0
80.0,116.0
80.0,116.0
80.0,116.25
78.5,116.25
78.5,116.25
78.5,116.25
82.5,116.25
82.5,116.25
82.5,116.25
20.0,116.25
20.0,116.25
20.0,116.75
18.5,116.75
18.5,116.75
18.5,117.0
23.5,117.0
23.5,117.0
23.5,117.0
20.5,117.0
20.5,117.0
20.5,117.25
28.5,117.25
28.5,117.25
28.5,117.5
33.5,117.5
33.5,117.5
33.5,118.0
20.0,118.0
20.0,118.0
20.0,118.0
33.5,118.0
33.5,118.0
33.5,118.25
26.5,118.25
26.5,118.25
26.5,118.75
19.5,118.75
19.5,118.75
19.5,122.75
24.0,122.75
24.0,122.75
24.0,118.5
20.0,118.5
20.0,118.5
20.0,119.25
17.0,119.25
17.0,119.25
17.0,121.25
20.0,121.25
20.0,121.25
20.0,119.0
21.0,119.0
21.0,119.0
21.0,120.25
12.5,120.25
12.5,120.25
12.5,122.0
10.0,122.0
10.0,122.0
10.0,119.5
8.5,119.5
8.5,119.5
8.5,121.25
12.0,121.25
12.0,121.25
12.0,124.0
9.0,124.0
9.0,124.0
9.0,119.75
11.5,119.75
11.5,119.75
11.5,120.75
13.0,120.75
13.0,120.75
13.0,123.0
13.0,123.0
13.0,123.0
13.0,117.0
9.5,117.0
9.5,117.0
9.5,124.0
8.0,124.0
8.0,124.0
8.0,120.75
11.0,120.75
11.0,120.75
11.0,121.5
2.5,121.5
2.5,121.5
2.5,121.5
0.0,121.5
0.0,121.5
0.0,121.75
0.0,121.75
0.0,121.75
0.0,124.25
0.0,124.25
0.0,124.25
0.0,121.5
0.0,121.5
0.0,121.5
0.0,121.75
0.5,121.75
0.5,121.75
0.5,124.25
6.0,124.25
6.0,124.25
6.0,124.75
6.0,124.75
6.0,124.75
6.0,121.0
8.5,121.0
8.5,121.0
8.5,120.5
9.5,120.5
9.5,120.5
9.5,122.5
19.0,122.5
19.0,122.5
19.0,122.75
24.0,122.75
24.0,122.75
24.0,122.75
12.5,122.75
12.5,122.75
12.5,123.0
9.5,123.0
9.5,123.0
9.5,124.25
6.5,124.25
6.5,124.25
6.5,125.0
4.0,125.0
4.0,125.0
4.0,125.0
3.0,125.0
3.0,125.0
3.0,124.0
0.0,124.0
0.0,124.0
0.0,121.75
0.0,121.75
0.0,121.75
0.0,124.25
4.5,124.25
4.5,124.25
4.5,124.25
2.5,124.25
2.5,124.25
2.5,124.5
4.5,124.5
4.5,124.5
4.5,124.75
6.5,124.75
6.5,124.75
6.5,125.25
2.0,125.25
2.0,125.25
2.0,126.5
0.0,126.5
0.0,126.5
0.0,126.75
1.0,126.75
1.0,126.75
1.0,126.75
0.0,126.75
0.0,126.75
0.0,123.5
0.0,123.5
0.0,123.5
0.0,121.0
0.0,121.0
0.0,121.0
0.0,126.0
0.0,126.0
0.0,126.0
0.0,126.75
0.0,126.75
0.0,126.75
0.0,127.25
0.0,127.25
0.0,127.25
0.0,128.75
0.0,128.75
0.0,128.75
0.0,123.0
2.0,123.0
2.0,123.0
2.0,126.5
0.0,126.5
0.0,126.5
0.0,127.0
0.5,127.0
0.5,127.0
0.5,127.25
1.5,127.25
1.5,127.25
1.5,127.25
1.5,127.25
1.5,127.25
1.5,127.5
2.5,127.5
2.5,127.5
2.5,128.5
0.0,128.5
0.0,128.5
0.0,128.5
2.5,128.5
2.5,128.5
2.5,124.75
0.5,124.75
0.5,124.75
0.5,124.5
2.0,124.5
2.0,124.5
2.0,124.0
4.0,124.0
4.0,124.0
4.0,124.75
6.5,124.75
6.5,124.75
6.5,126.0
6.5,126.0
6.5,126.0
6.5,128.75
7.0,128.75
7.0,128.75
7.0,128.75
7.5,128.75
7.5,128.75
7.5,127.0
12.0,127.0
12.0,127.0
12.0,128.0
14.5,128.0
14.5,128.0
14.5,129.0
16.5,129.0
16.5,129.0
16.5,129.25
15.0,129.25
15.0,129.25
15.0,129.25
16.5,129.25
16.5,129.25
16.5,127.0
16.5,127.0
16.5,127.0
16.5,128.0
18.0,128.0
18.0,128.0
18.0,128.75
22.0,128.75
22.0,128.75
22.0,129.75
22.5,129.75
22.5,129.75
22.5,131.25
25.0,131.25
25.0,131.25
25.0,131.25
26.0,131.25
26.0,131.25
26.0,129.25
30.5,129.25
30.5,129.25
30.5,131.0
33.0,131.0
33.0,131.0
33.0,126.5
33.5,126.5
33.5,126.5
33.5,126.5
35.0,126.5
35.0,126.5
35.0,128.0
36.5,128.0
36.5,128.0
36.5,125.75
33.0,125.75
33.0,125.75
33.0,127.5
38.5,127.5
38.5,127.5
38.5,129.25
39.0,129.25
39.0,129.25
39.0,126.75
36.5,126.75
36.5,126.75
36.5,129.75
39.5,129.75
39.5,129.75
39.5,125.0
43.5,125.0
43.5,125.0
43.5,131.0
45.5,131.0
45.5,131.0
45.5,131.5
43.5,131.5
43.5,131.5
43.5,132.0
44.5,132.0
44.5,132.0
44.5,136.0
43.0,136.0
43.0,136.0
43.0,133.25
47.0,133.25
47.0,133.25
47.0,132.75
47.0,132.75
47.0,132.75
47.0,134.75
47.0,134.75
47.0,134.75
47.0,135.5
47.0,135.5
47.0,135.5
47.0,140.5
43.0,140.5
43.0,140.5
43.0,141.0
42.0,141.0
42.0,141.0
42.0,141.0
46.5,141.0
46.5,141.0
46.5,139.75
43.5,139.75
43.5,139.75
43.5,140.5
47.5,140.5
47.5,140.5
47.5,139.75
47.5,139.75
47.5,139.75
47.5,141.25
48.0,141.25
48.0,141.25
48.0,141.25
51.5,141.25
51.5,141.25
51.5,139.0
48.5,139.0
48.5,139.0
48.5,137.75
48.0,137.75
48.0,137.75
48.0,139.0
43.5,139.0
43.5,139.0
43.5,139.5
45.0,139.5
45.0,139.5
45.0,137.75
45.0,137.75
45.0,137.75
45.0,139.25
51.5,139.25
51.5,139.25
51.5,138.0
47.5,138.0
47.5,138.0
47.5,139.0
45.0,139.0
45.0,139.0
45.0,136.5
48.0,136.5
48.0,136.5
48.0,138.75
43.5,138.75
43.5,138.75
43.5,134.0
29.5,134.0
29.5,134.0
29.5,137.75
18.0,137.75
18.0,137.75
18.0,136.5
37.5,136.5
37.5,136.5
37.5,137.25
45.0,137.25
45.0,137.25
45.0,134.5
50.0,134.5
50.0,134.5
50.0,134.25
52.5,134.25
52.5,134.25
52.5,133.25
44.5,133.25
44.5,133.25
44.5,135.75
46.5,135.75
46.5,135.75
46.5,134.0
46.5,134.0
46.5,134.0
46.5,132.0
42.0,132.0
42.0,132.0
42.0,133.25
42.0,133.25
42.0,133.25
42.0,133.25
44.0,133.25
44.0,133.25
44.0,131.75
46.0,131.75
46.0,131.75
46.0,130.75
49.0,130.75
49.0,130.75
49.0,133.25
51.0,133.25
51.0,133.25
51.0,131.25
48.5,131.25
48.5,131.25
48.5,130.0
46.5,130.0
46.5,130.0
46.5,132.75
56.0,132.75
56.0,132.75
56.0,129.75
35.5,129.75
35.5,129.75
35.5,132.25
35.5,132.25
35.5,132.25
35.5,132.75
33.5,132.75
33.5,132.75
33.5,131.75
35.0,131.75
35.0,131.75
35.0,132.5
49.0,132.5
49.0,132.5
49.0,131.25
54.5,131.25
54.5,131.25
54.5,132.0
56.5,132.0
56.5,132.0
56.5,132.25
58.0,132.25
58.0,132.25
58.0,130.0
61.5,130.0
61.5,130.0
61.5,128.25
50.5,128.25
50.5,128.25
50.5,126.0
46.5,126.0
46.5,126.0
46.5,124.25
41.0,124.25
41.0,124.25
41.0,123.25
32.5,123.25
32.5,123.25
32.5,120.75
26.0,120.75
26.0,120.75
26.0,126.25
16.5,126.25
16.5,126.25
16.5,113.75
22.0,113.75
22.0,113.75
22.0,114.5
19.0,114.5
19.0,114.5
19.0,119.25
21.0,119.25
21.0,119.25
21.0,115.0
21.5,115.0
21.5,115.0
21.5,114.0
20.5,114.0
20.5,114.0
20.5,113.0
23.5,113.0
23.5,113.0
23.5,112.25
19.0,112.25
19.0,112.25
19.0,112.0
19.5,112.0
19.5,112.0
19.5,112.0
17.5,112.0
17.5,112.0
17.5,112.0
15.5,112.0
15.5,112.0
15.5,113.5
18.5,113.5
18.5,113.5
18.5,114.0
26.0,114.0
26.0,114.0
26.0,114.25
28.5,114.25
28.5,114.25
28.5,114.5
34.0,114.5
34.0,114.5
34.0,114.75
34.0,114.75
34.0,114.75
34.0,115.75
30.5,115.75
30.5,115.75
30.5,116.25
30.0,116.25
30.0,116.25
30.0,116.25
28.0,116.25
28.0,116.25
28.0,116.25
27.0,116.25
27.0,116.25
27.0,116.25
26.5,116.25
26.5,116.25
26.5,114.0
28.5,114.0
28.5,114.0
28.5,113.25
28.5,113.25
28.5,113.25
28.5,113.0
24.5,113.0
24.5,113.0
24.5,115.25
26.5,115.25
26.5,115.25
26.5,116.75
27.5,116.75
27.5,116.75
27.5,118.0
23.5,118.0
23.5,118.0
23.5,118.25
27.0,118.25
27.0,118.25
27.0,118.25
27.0,118.25
27.0,118.25
27.0,118.25
19.5,118.25
19.5,118.25
19.5,113.0
17.5,113.0
17.5,113.0
17.5,112.5
20.0,112.5
20.0,112.5
20.0,111.75
16.0,111.75
16.0,111.75
16.0,111.0
14.5,111.0
14.5,111.0
14.5,110.25
10.5,110.25
10.5,110.25
10.5,110.25
11.5,110.25
11.5,110.25
11.5,113.0
14.0,113.0
14.0,113.0
14.0,113.25
19.0,113.25
19.0,113.25
19.0,113.25
19.0,113.25
19.0,113.25
19.0,113.25
21.5,113.25
21.5,113.25
21.5,113.5
16.0,113.5
16.0,113.5
16.0,113.5
22.0,113.5
22.0,113.5
22.0,113.75
23.0,113.75
23.0,113.75
23.0,114.0
24.5,114.0
24.5,114.0
24.5,114.0
25.5,114.0
25.5,114.0
25.5,114.25
16.5,114.25
16.5,114.25
16.5,114.5
13.0,114.5
13.0,114.5
13.0,114.5
17.5,114.5
17.5,114.5
17.5,114.75
11.0,114.75
11.0,114.75
11.0,115.0
16.0,115.0
16.0,115.0
16.0,115.25
19.0,115.25
19.0,115.25
19.0,115.5
24.5,115.5
24.5,115.5
24.5,115.75
30.5,115.75
30.5,115.75
30.5,116.0
30.5,116.0
30.5,116.0
30.5,116.25
24.0,116.25
24.0,116.25
24.0,116.5
26.5,116.5
26.5,116.5
26.5,116.75
25.0,116.75
25.0,116.75
25.0,116.75
27.0,116.75
27.0,116.75
27.0,116.75
33.5,116.75
33.5,116.75
33.5,116.75
34.0,116.75
34.0,116.75
34.0,115.0
28.5,115.0
28.5,115.0
28.5,114.5
35.0,114.5
35.0,114.5
35.0,109.5
52.0,109.5
52.0,109.5
52.0,108.75
29.0,108.75
29.0,108.75
29.0,108.25
32.0,108.25
32.0,108.25
32.0,108.25
46.5,108.25
46.5,108.25
46.5,108.25
41.0,108.25
41.0,108.25
41.0,108.25
52.5,108.25
52.5,108.25
52.5,108.75
60.5,108.75
60.5,108.75
60.5,110.25
55.5,110.25
55.5,110.25
55.5,110.25
51.0,110.25
51.0,110.25
51.0,108.25
51.0,108.25
51.0,108.25
51.0,108.5
59.5,108.5
59.5,108.5
59.5,111.25
54.0,111.25
54.0,111.25
54.0,112.0
59.0,112.0
59.0,112.0
59.0,113.0
61.0,113.0
61.0,113.0
61.0,114.25
63.5,114.25
63.5,114.25
63.5,115.25
58.5,115.25
58.5,115.25
58.5,116.5
57.5,116.5
57.5,116.5
57.5,117.75
58.5,117.75
58.5,117.75
58.5,119.0
63.0,119.0
63.0,119.0
63.0,119.25
58.0,119.25
58.0,119.25
58.0,119.25
56.5,119.25
56.5,119.25
56.5,119.25
53.5,119.25
53.5,119.25
53.5,116.75
61.0,116.75
61.0,116.75
61.0,119.5
61.0,119.5
61.0,119.5
61.0,121.5
54.0,121.5
54.0,121.5
54.0,123.5
56.5,123.5
56.5,123.5
56.5,124.75
57.0,124.75
57.0,124.75
57.0,124.75
58.0,124.75
58.0,124.75
58.0,124.75
52.0,124.75
52.0,124.75
52.0,125.25
55.5,125.25
55.5,125.25
55.5,125.75
48.5,125.75
48.5,125.75
48.5,126.25
55.0,126.25
55.0,126.25
55.0,126.75
59.0,126.75
59.0,126.75
59.0,127.25
53.0,127.25
53.0,127.25
53.0,128.0
58.0,128.0
58.0,128.0
58.0,128.75
46.5,128.75
46.5,128.75
46.5,128.75
46.5,128.75
46.5,128.75
46.5,128.75
53.0,128.75
53.0,128.75
53.0,128.75
44.0,128.75
44.0,128.75
44.0,127.5
45.0,127.5
45.0,127.5
45.0,127.25
47.0,127.25
47.0,127.25
47.0,128.25
42.0,128.25
42.0,128.25
42.0,125.75
42.0,125.75
42.0,125.75
42.0,125.25
44.0,125.25
44.0,125.25
44.0,128.0
29.0,128.0
29.0,128.0
29.0,128.25
31.0,128.25
31.0,128.25
31.0,128.25
25.0,128.25
25.0,128.25
25.0,128.25
23.0,128.25
23.0,128.25
23.0,123.25
22.5,123.25
22.5,123.25
22.5,123.25
30.5,123.25
30.5,123.25
30.5,126.0
32.5,126.0
32.5,126.0
32.5,126.75
28.0,126.75
28.0,126.75
28.0,127.0
25.5,127.0
25.5,127.0
25.5,127.75
25.0,127.75
25.0,127.75
25.0,129.25
28.5,129.25
28.5,129.25
28.5,129.25
28.5,129.25
28.5,129.25
28.5,129.25
22.0,129.25
22.0,129.25
22.0,132.0
20.5,132.0
20.5,132.0
20.5,133.0
20.0,133.0
20.0,133.0
20.0,133.0
21.5,133.0
21.5,133.0
21.5,133.0
16.5,133.0
16.5,133.0
16.5,130.25
19.0,130.25
19.0,130.25
19.0,129.75
22.0,129.75
22.0,129.75
22.0,129.25
17.5,129.25
17.5,129.25
17.5,131.75
16.5,131.75
16.5,131.75
16.5,135.0
19.0,135.0
19.0,135.0
19.0,129.25
20.5,129.25
20.5,129.25
20.5,132.0
16.0,132.0
16.0,132.0
16.0,129.5
14.5,129.5
14.5,129.5
14.5,133.75
18.5,133.75
18.5,133.75
18.5,134.0
19.5,134.0
19.5,134.0
19.5,134.25
12.5,134.25
12.5,134.25
12.5,134.5
16.5,134.5
16.5,134.5
16.5,134.5
17.5,134.5
17.5,134.5
17.5,135.0
10.5,135.0
10.5,135.0
10.5,130.0
10.5,130.0
10.5,130.0
10.5,131.5
18.0,131.5
18.0,131.5
18.0,134.75
11.0,134.75
11.0,134.75
11.0,134.75
13.0,134.75
13.0,134.75
13.0,131.75
15.0,131.75
15.0,131.75
15.0,131.0
15.0,131.0
15.0,131.0
15.0,130.75
9.0,130.75
9.0,130.75
9.0,130.75
14.0,130.75
14.0,130.75
14.0,134.25
14.0,134.25
14.0,134.25
14.0,134.25
6.5,134.25
6.5,134.25
6.5,134.25
10.0,134.25
10.0,134.25
10.0,134.25
11.5,134.25
11.5,134.25
11.5,135.25
6.5,135.25
6.5,135.25
6.5,136.75
6.0,136.75
6.0,136.75
6.0,134.0
8.0,134.0
8.0,134.0
8.0,137.75
8.0,137.75
8.0,137.75
8.0,138.75
11.5,138.75
11.5,138.75
11.5,138.75
14.0,138.75
14.0,138.75
14.0,138.75
16.0,138.75
16.0,138.75
16.0,135.0
15.0,135.0
15.0,135.0
15.0,138.5
15.5,138.5
15.5,138.5
15.5,136.75
16.0,136.75
16.0,136.75
16.0,135.5
16.0,135.5
16.0,135.5
16.0,134.5
10.0,134.5
10.0,134.5
10.0,134.5
10.0,134.5
10.0,134.5
10.0,135.0
15.0,135.0
15.0,135.0
15.0,138.25
12.5,138.25
12.5,138.25
12.5,138.25
11.0,138.25
11.0,138.25
11.0,139.5
13.5,139.5
13.5,139.5
13.5,139.5
15.0,139.5
15.0,139.5
15.0,134.75
10.5,134.75
10.5,134.75
10.5,139.0
10.5,139.0
10.5,139.0
10.5,140.25
13.5,140.25
13.5,140.25
13.5,141.0
9.0,141.0
9.0,141.0
9.0,142.25
9.0,142.25
9.0,142.25
9.0,138.75
12.5,138.75
12.5,138.75
12.5,143.0
9.0,143.0
9.0,143.0
9.0,143.0
10.5,143.0
10.5,143.0
10.5,136.75
13.0,136.75
13.0,136.75
13.0,136.75
10.0,136.75
10.0,136.75
10.0,140.5
10.0,140.5
10.0,140.5
10.0,154.5
8.0,154.5
8.0,154.5
8.0,139.0
10.5,139.0
10.5,139.0
10.5,140.5
6.5,140.5
6.5,140.5
6.5,137.75
6.0,137.75
6.0,137.75
6.0,140.75
9.5,140.75
9.5,140.75
9.5,142.0
5.0,142.0
5.0,142.0
5.0,142.75
4.5,142.75
4.5,142.75
4.5,143.5
9.0,143.5
9.0,143.5
9.0,143.5
7.5,143.5
7.5,143.5
7.5,143.5
5.5,143.5
5.5,143.5
5.5,137.25
8.0,137.25
8.0,137.25
8.0,137.25
10.0,137.25
10.0,137.25
10.0,138.75
6.5,138.75
6.5,138.75
6.5,138.75
9.0,138.75
9.0,138.75
9.0,136.25
9.0,136.25
9.0,136.25
9.0,135.75
9.0,135.75
9.0,135.75
9.0,134.25
5.0,134.25
5.0,134.25
5.0,134.25
5.0,134.25
5.0,134.25
5.0,134.25
9.0,134.25
9.0,134.25
9.0,134.0
9.0,134.0
9.0,134.0
9.0,133.75
5.0,133.75
5.0,133.75
5.0,133.25
4.5,133.25
4.5,133.25
4.5,132.75
3.0,132.75
3.0,132.75
3.0,132.0
7.0,132.0
7.0,132.0
7.0,131.75
4.5,131.75
4.5,131.75
4.5,131.25
9.0,131.25
9.0,131.25
9.0,133.0
9.0,133.0
9.0,133.0
9.0,134.25
6.0,134.25
6.0,134.25
6.0,135.5
7.5,135.5
7.5,135.5
7.5,137.25
8.0,137.25
8.0,137.25
8.0,137.5
9.5,137.5
9.5,137.5
9.5,137.75
6.5,137.75
6.5,137.75
6.5,139.5
6.0,139.5
6.0,139.5
6.0,141.0
8.0,141.0
8.0,141.0
8.0,142.75
6.0,142.75
6.0,142.75
6.0,144.25
8.0,144.25
8.0,144.25
8.0,146.25
9.0,146.25
9.0,146.25
9.0,147.25
9.5,147.25
9.5,147.25
9.5,147.25
11.0,147.25
11.0,147.25
11.0,147.25
9.0,147.25
9.0,147.25
9.0,137.25
7.5,137.25
7.5,137.25
7.5,137.25
9.0,137.25
9.0,137.25
9.0,141.5
9.5,141.5
9.5,141.5
9.5,142.5
5.0,142.5
5.0,142.5
5.0,143.25
5.0,143.25
5.0,143.25
5.0,144.25
7.5,144.25
7.5,144.25
7.5,145.25
3.5,145.25
3.5,145.25
3.5,141.75
3.5,141.75
3.5,141.75
3.5,145.25
5.5,145.25
5.5,145.25
5.5,145.5
6.5,145.5
6.5,145.5
6.5,146.25
2.5,146.25
2.5,146.25
2.5,147.25
2.0,147.25
2.0,147.25
2.0,147.5
4.5,147.5
4.5,147.5
4.5,141.0
5.0,141.0
5.0,141.0
5.0,141.5
2.0,141.5
2.0,141.5
2.0,140.25
3.5,140.25
3.5,140.25
3.5,141.25
5.5,141.25
5.5,141.25
5.5,142.5
2.5,142.5
2.5,142.5
2.5,144.75
2.0,144.75
2.0,144.75
2.0,144.0
3.0,144.0
3.0,144.0
3.0,145.75
4.0,145.75
4.0,145.75
4.0,147.0
0.5,147.0
0.5,147.0
0.5,148.75
0.5,148.75
0.5,148.75
0.5,150.5
3.0,150.5
3.0,150.5
3.0,151.75
3.0,151.75
3.0,151.75
3.0,154.0
6.5,154.0
6.5,154.0
6.5,154.0
10.0,154.0
10.0,154.0
10.0,157.0
10.5,157.0
10.5,157.0
10.5,153.75
7.5,153.75
7.5,153.75
7.5,158.75
7.0,158.75
7.0,158.75
7.0,159.5
5.5,159.5
5.5,159.5
5.5,159.5
7.5,159.5
7.5,159.5
7.5,159.5
5.0,159.5
5.0,159.5
5.0,153.25
4.5,153.25
4.5,153.25
4.5,150.5
9.0,150.5
9.0,150.5
9.0,150.5
9.0,150.5
9.0,150.5
9.0,150.5
4.5,150.5
4.5,150.5
4.5,154.25
7.5,154.25
7.5,154.25
7.5,151.5
8.0,151.5
8.0,151.5
8.0,146.75
5.0,146.75
5.0,146.75
5.0,146.75
4.5,146.75
4.5,146.75
4.5,145.5
6.5,145.5
6.5,145.5
6.5,147.5
7.0,147.5
7.0,147.5
7.0,145.25
3.5,145.25
3.5,145.25
3.5,146.75
5.5,146.75
5.5,146.75
5.5,147.5
6.0,147.5
6.0,147.5
6.0,148.75
2.0,148.75
2.0,148.75
2.0,149.75
1.0,149.75
1.0,149.75
1.0,151.0
4.5,151.0
4.5,151.0
4.5,152.25
1.0,152.25
1.0,152.25
1.0,152.25
1.0,152.25
1.0,152.25
1.0,151.0
5.5,151.0
5.5,151.0
5.5,150.25
5.5,150.25
5.5,150.25
5.5,149.75
2.0,149.75
2.0,149.75
2.0,149.5
4.5,149.5
4.5,149.5
4.5,149.5
4.5,149.5
4.5,149.5
4.5,150.0
0.0,150.0
0.0,150.0
0.0,150.0
0.0,150.0
0.0,150.0
0.0,148.75
0.0,148.75
0.0,148.75
0.0,148.25
0.5,148.25
0.5,148.25
0.5,149.0
0.0,149.0
0.0,149.0
0.0,149.0
0.5,149.0
0.5,149.0
0.5,147.25
0.5,147.25
0.5,147.25
0.5,147.5
0.5,147.5
0.5,147.5
0.5,147.75
2.0,147.75
2.0,147.75
2.0,148.25
4.0,148.25
4.0,148.25
4.0,149.25
2.5,149.25
2.5,149.25
2.5,146.25
5.0,146.25
5.0,146.25
5.0,148.25
7.5,148.25
7.5,148.25
7.5,148.25
7.5,148.25
7.5,148.25
7.5,145.0
7.5,145.0
7.5,145.0
7.5,146.5
9.5,146.5
9.5,146.5
9.5,147.5
15.0,147.5
15.0,147.5
15.0,145.5
16.0,145.5
16.0,145.5
16.0,144.75
20.5,144.75
20.5,144.75
20.5,144.0
26.0,144.0
26.0,144.0
26.0,143.5
27.5,143.5
27.5,143.5
27.5,145.25
30.5,145.25
30.5,145.25
30.5,145.25
39.0,145.25
39.0,145.25
39.0,145.25
41.0,145.25
41.0,145.25
41.0,141.75
41.5,141.75
41.5,141.75
41.5,141.75
50.0,141.75
50.0,141.75
50.0,143.25
54.0,143.25
54.0,143.25
54.0,141.25
54.0,141.25
54.0,141.25
54.0,145.0
62.0,145.0
62.0,145.0
62.0,145.0
65.5,145.0
65.5,145.0
65.5,138.5
61.0,138.5
61.0,138.5
61.0,137.0
64.5,137.0
64.5,137.0
64.5,136.75
69.5,136.75
69.5,136.75
69.5,136.75
64.5,136.75
64.5,136.75
64.5,136.75
63.5,136.75
63.5,136.75
63.5,139.5
67.0,139.5
67.0,139.5
67.0,136.25
73.0,136.25
73.0,136.25
73.0,138.75
65.5,138.75
65.5,138.75
65.5,139.0
63.5,139.0
63.5,139.0
63.5,139.0
76.5,139.0
76.5,139.0
76.5,139.0
58.0,139.0
58.0,139.0
58.0,135.75
62.5,135.75
62.5,135.75
62.5,134.75
69.5,134.75
69.5,134.75
69.5,134.0
57.5,134.0
57.5,134.0
57.5,128.25
56.0,128.25
56.0,128.25
56.0,131.25
63.0,131.25
63.0,131.25
63.0,131.25
60.0,131.25
60.0,131.25
60.0,130.5
62.5,130.5
62.5,130.5
62.5,132.75
62.5,132.75
62.5,132.75
62.5,130.5
48.5,130.5
48.5,130.5
48.5,132.5
55.5,132.5
55.5,132.5
55.5,131.25
51.5,131.25
51.5,131.25
51.5,131.5
51.0,131.5
51.0,131.5
51.0,128.25
48.5,128.25
48.5,128.25
48.5,129.5
19.5,129.5
19.5,129.5
19.5,129.5
15.5,129.5
15.5,129.5
15.5,129.5
8.5,129.5
8.5,129.5
8.5,131.25
6.0,131.25
6.0,131.25
6.0,129.75
6.0,129.75
6.0,129.75
6.0,130.0
8.5,130.0
8.5,130.0
8.5,131.0
0.0,131.0
0.0,131.0
0.0,131.25
0.0,131.25
0.0,131.25
0.0,131.5
2.0,131.5
2.0,131.5
2.0,131.75
2.0,131.75
2.0,131.75
2.0,132.0
0.0,132.0
0.0,132.0
0.0,132.0
0.5,132.0
0.5,132.0
0.5,132.25
0.5,132.25
0.5,132.25
0.5,132.25
0.5,132.25
0.5,132.25
0.5,132.25
0.5,132.25
0.5,132.25
0.5,133.0
0.5,133.0
0.5,133.0
0.5,133.0
0.5,133.0
0.5,133.0
0.5,130.0
0.5,130.0
0.5,130.0
0.5,130.0
0.5,130.0
0.5,130.0
0.5,132.0
0.5,132.0
0.5,132.0
0.5,134.0
0.5,134.0
0.5,134.0
0.5,134.0
0.5,134.0
0.5,134.0
0.5,132.5
0.5,132.5
0.5,132.5
0.5,133.75
0.5,133.75
0.5,133.75
0.5,134.0
0.5,134.0
0.5,134.0
0.5,135.0
0.5,135.0
0.5,135.0
0.5,135.0
1.5,135.0
1.5,135.0
1.5,136.25
1.5,136.25
1.5,136.25
1.5,137.25
0.0,137.25
0.0,137.25
0.0,134.0
0.5,134.0
0.5,134.0
0.5,135.0
0.5,135.0
0.5,135.0
0.5,135.75
0.5,135.75
0.5,135.75
0.5,135.75
0.5,135.75
0.5,135.75
0.5,136.0
0.5,136.0
0.5,136.0
0.5,137.75
0.5,137.75
0.5,137.75
0.5,137.75
0.5,137.75
0.5,137.75
0.5,136.5
1.5,136.5
1.5,136.5
1.5,137.25
1.5,137.25
1.5,137.25
1.5,137.25
0.0,137.25
0.0,137.25
0.0,137.5
4.0,137.5
4.0,137.5
4.0,134.25
4.0,134.25
4.0,134.25
4.0,135.25
0.0,135.25
0.0,135.25
0.0,134.25
0.5,134.25
0.5,134.25
0.5,134.25
1.5,134.25
1.5,134.25
1.5,135.0
0.0,135.0
0.0,135.0
0.0,138.25
0.0,138.25
0.0,138.25
0.0,138.5
0.5,138.5
0.5,138.5
0.5,138.75
0.5,138.75
0.5,138.75
0.5,135.25
0.5,135.25
0.5,135.25
0.5,139.0
0.0,139.0
0.0,139.0
0.0,139.25
0.5,139.25
0.5,139.25
0.5,139.5
1.5,139.5
1.5,139.5
1.5,139.75
4.0,139.75
4.0,139.75
4.0,140.0
4.0,140.0
4.0,140.0
4.0,142.5
0.0,142.5
0.0,142.5
0.0,140.0
2.5,140.0
2.5,140.0
2.5,141.0
2.5,141.0
2.5,141.0
2.5,141.25
0.0,141.25
0.0,141.25
0.0,141.5
3.0,141.5
3.0,141.5
3.0,141.75
3.0,141.75
3.0,141.75
3.0,142.0
0.0,142.0
0.0,142.0
0.0,138.25
0.0,138.25
0.0,138.25
0.0,139.75
0.5,139.75
0.5,139.75
0.5,142.25
0.5,142.25
0.5,142.25
0.5,142.25
0.0,142.25
0.0,142.25
0.0,138.75
0.5,138.75
0.5,138.75
0.5,142.0
0.5,142.0
0.5,142.0
0.5,138.5
0.0,138.5
0.0,138.5
0.0,138.0
0.5,138.0
0.5,138.0
0.5,137.0
0.5,137.0
0.5,137.0
0.5,137.0
1.5,137.0
1.5,137.0
1.5,138.75
2.0,138.75
2.0,138.75
2.0,138.0
0.0,138.0
0.0,138.0
0.0,137.25
0.5,137.25
0.5,137.25
0.5,137.0
2.5,137.0
2.5,137.0
2.5,139.5
2.5,139.5
2.5,139.5
2.5,136.75
0.0,136.75
0.0,136.75
0.0,137.75
1.5,137.75
1.5,137.75
1.5,138.0
6.0,138.0
6.0,138.0
6.0,139.5
7.5,139.5
7.5,139.5
7.5,139.5
3.5,139.5
3.5,139.5
3.5,139.5
5.5,139.5
5.5,139.5
5.5,139.5
6.5,139.5
6.5,139.5
6.5,139.5
2.5,139.5
2.5,139.5
2.5,136.5
1.5,136.5
1.5,136.5
1.5,137.75
5.0,137.75
5.0,137.75
5.0,140.75
7.0,140.75
7.0,140.75
7.0,140.75
4.0,140.75
4.0,140.75
4.0,140.75
5.0,140.75
5.0,140.75
5.0,140.75
12.0,140.75
12.0,140.75
12.0,139.0
12.0,139.0
12.0,139.0
12.0,141.25
8.5,141.25
8.5,141.25
8.5,141.25
14.0,141.25
14.0,141.25
14.0,138.0
18.0,138.0
18.0,138.0
18.0,136.0
14.0,136.0
14.0,136.0
14.0,134.25
13.5,134.25
13.5,134.25
13.5,133.75
13.5,133.75
13.5,133.75
13.5,134.25
15.5,134.25
15.5,134.25
15.5,135.75
19.0,135.75
19.0,135.75
19.0,137.75
17.5,137.75
17.5,137.75
17.5,133.0
21.5,133.0
21.5,133.0
21.5,132.5
22.0,132.5
22.0,132.5
22.0,136.75
19.0,136.75
19.0,136.75
19.0,135.5
26.5,135.5
26.5,135.5
26.5,134.5
24.0,134.5
24.0,134.5
24.0,136.0
21.0,136.0
21.0,136.0
21.0,137.25
23.5,137.25
23.5,137.25
23.5,132.75
21.0,132.75
21.0,132.75
21.0,132.75
18.0,132.75
18.0,132.75
18.0,133.25
17.5,133.25
17.5,133.25
17.5,133.25
28.5,133.25
28.5,133.25
28.5,133.25
29.5,133.25
29.5,133.25
29.5,135.0
24.5,135.0
24.5,135.0
24.5,132.25
23.5,132.25
23.5,132.25
23.5,134.75
21.0,134.75
21.0,134.75
21.0,132.25
27.0,132.25
27.0,132.25
27.0,133.5
27.0,133.5
27.0,133.5
27.0,133.5
21.5,133.5
21.5,133.5
21.5,132.0
22.0,132.0
22.0,132.0
22.0,130.0
25.5,130.0
25.5,130.0
25.5,133.5
25.5,133.5
25.5,133.5
25.5,128.5
8.0,128.5
8.0,128.5
8.0,128.25
32.0,128.25
32.0,128.25
32.0,128.0
20.0,128.0
20.0,128.0
20.0,128.0
23.0,128.0
23.0,128.0
23.0,129.0
31.5,129.0
31.5,129.0
31.5,129.5
24.5,129.5
24.5,129.5
24.5,129.75
23.0,129.75
23.0,129.75
23.0,130.0
22.5,130.0
22.5,130.0
22.5,131.5
24.5,131.5
24.5,131.5
24.5,132.0
17.5,132.0
17.5,132.0
17.5,132.75
17.0,132.75
17.0,132.75
17.0,133.5
25.0,133.5
25.0,133.5
25.0,135.25
25.5,135.25
25.5,135.25
25.5,138.5
25.5,138.5
25.5,138.5
25.5,142.5
21.0,142.5
21.0,142.5
21.0,146.0
15.5,146.0
15.5,146.0
15.5,148.0
13.0,148.0
13.0,148.0
13.0,148.75
12.5,148.75
12.5,148.75
12.5,149.75
13.0,149.75
13.0,149.75
13.0,151.0
11.0,151.0
11.0,151.0
11.0,151.25
18.0,151.25
18.0,151.25
18.0,152.0
23.0,152.0
23.0,152.0
23.0,147.5
32.0,147.5
32.0,147.5
32.0,150.0
33.0,150.0
33.0,150.0
33.0,150.0
36.0,150.0
36.0,150.0
36.0,153.75
28.5,153.75
28.5,153.75
28.5,154.75
33.5,154.75
33.5,154.75
33.5,155.75
34.0,155.75
34.0,155.75
34.0,144.5
34.0,144.5
34.0,144.5
34.0,142.75
34.0,142.75
34.0,142.75
34.0,141.5
31.0,141.5
31.0,141.5
31.0,140.25
37.0,140.25
37.0,140.25
37.0,139.25
37.0,139.25
37.0,139.25
37.0,150.25
39.5,150.25
39.5,150.25
39.5,132.25
39.5,132.25
39.5,132.25
39.5,131.5
36.5,131.5
36.5,131.5
36.5,131.5
33.0,131.5
33.0,131.5
33.0,136.5
31.5,136.5
31.5,136.5
31.5,130.0
37.5,130.0
37.5,130.0
37.5,128.0
32.5,128.0
32.5,128.0
32.5,126.75
32.5,126.75
32.5,126.75
32.5,126.0
28.0,126.0
28.0,126.0
28.0,125.75
22.0,125.75
22.0,125.75
22.0,124.75
29.5,124.75
29.5,124.75
29.5,129.0
33.5,129.0
33.5,129.0
33.5,123.75
27.5,123.75
27.5,123.75
27.5,123.0
30.0,123.0
30.0,123.0
30.0,131.75
33.5,131.75
33.5,131.75
33.5,132.75
33.5,132.75
33.5,132.75
33.5,134.25
33.5,134.25
33.5,134.25
33.5,135.0
24.0,135.0
24.0,135.0
24.0,136.5
23.0,136.5
23.0,136.5
23.0,137.25
21.5,137.25
21.5,137.25
21.5,139.0
21.0,139.0
21.0,139.0
21.0,141.5
24.0,141.5
24.0,141.5
24.0,143.5
22.0,143.5
22.0,143.5
22.0,144.75
22.5,144.75
22.5,144.75
22.5,145.25
22.5,145.25
22.5,145.25
22.5,145.25
19.0,145.25
19.0,145.25
19.0,146.0
17.5,146.0
17.5,146.0
17.5,147.5
13.0,147.5
13.0,147.5
13.0,147.5
8.5,147.5
8.5,147.5
8.5,147.5
6.5,147.5
6.5,147.5
6.5,147.5
4.0,147.5
4.0,147.5
4.0,143.0
3.5,143.0
3.5,143.0
3.5,142.0
8.5,142.0
8.5,142.0
8.5,141.25
8.5,141.25
8.5,141.25
8.5,140.5
9.0,140.5
9.0,140.5
9.0,143.5
10.5,143.5
10.5,143.5
10.5,144.25
8.5,144.25
8.5,144.25
8.5,145.0
10.5,145.0
10.5,145.0
10.5,145.5
12.5,145.5
12.5,145.5
12.5,146.25
9.5,146.25
9.5,146.25
9.5,147.0
8.5,147.0
8.5,147.0
8.5,147.25
10.5,147.25
10.5,147.25
10.5,147.25
11.0,147.25
11.0,147.25
11.0,147.25
11.0,147.25
11.0,147.25
11.0,144.75
7.0,144.75
7.0,144.75
7.0,146.0
11.0,146.0
11.0,146.0
11.0,146.25
11.0,146.25
11.0,146.25
11.0,146.75
7.0,146.75
7.0,146.75
7.0,147.25
8.0,147.25
8.0,147.25
8.0,148.0
9.5,148.0
9.5,148.0
9.5,148.0
9.5,148.0
9.5,148.0
9.5,148.0
6.0,148.0
6.0,148.0
6.0,148.0
6.0,148.0
6.0,148.0
6.0,144.0
9.5,144.0
9.5,144.0
9.5,148.75
10.0,148.75
10.0,148.75
10.0,143.75
6.5,143.75
6.5,143.75
6.5,147.0
5.0,147.0
5.0,147.0
5.0,147.25
9.0,147.25
9.0,147.25
9.0,147.25
9.0,147.25
9.0,147.25
9.0,147.25
5.0,147.25
5.0,147.25
5.0,145.5
7.5,145.5
7.5,145.5
7.5,145.0
9.5,145.0
9.5,145.0
9.5,144.5
4.5,144.5
4.5,144.5
4.5,144.25
3.5,144.25
3.5,144.25
3.5,144.25
8.5,144.25
8.5,144.25
8.5,144.25
8.5,144.25
8.5,144.25
8.5,144.25
4.5,144.25
4.5,144.25
4.5,144.75
6.5,144.75
6.5,144.75
6.5,144.75
8.5,144.75
8.5,144.75
8.5,144.75
5.0,144.75
5.0,144.75
5.0,144.75
4.5,144.75
4.5,144.75
4.5,144.75
6.0,144.75
6.0,144.75
6.0,146.0
8.5,146.0
8.5,146.0
8.5,146.5
4.5,146.5
4.5,146.5
4.5,146.5
3.5,146.5
3.5,146.5
3.5,147.0
5.0,147.0
5.0,147.0
5.0,145.25
7.0,145.25
7.0,145.25
7.0,143.5
3.5,143.5
3.5,143.5
3.5,143.5
2.0,143.5
2.0,143.5
2.0,146.0
4.5,146.0
4.5,146.0
4.5,146.0
6.0,146.0
6.0,146.0
6.0,144.25
2.5,144.25
2.5,144.25
2.5,145.0
7.5,145.0
7.5,145.0
7.5,145.5
8.5,145.5
8.5,145.5
8.5,145.5
5.0,145.5
5.0,145.5
5.0,144.5
8.0,144.5
8.0,144.5
8.0,146.0
10.0,146.0
10.0,146.0
10.0,144.25
7.0,144.25
7.0,144.25
7.0,143.75
6.0,143.75
6.0,143.75
6.0,143.5
9.5,143.5
9.5,143.5
9.5,144.0
9.5,144.0
9.5,144.0
9.5,144.5
6.0,144.5
6.0,144.5
6.0,145.25
10.0,145.25
10.0,145.25
10.0,144.0
10.0,144.0
10.0,144.0
10.0,142.75
6.5,142.75
6.5,142.75
6.5,142.25
10.0,142.25
10.0,142.25
10.0,142.25
11.5,142.25
11.5,142.25
11.5,144.5
9.0,144.5
9.0,144.5
9.0,144.75
13.5,144.75
13.5,144.75
13.5,145.0
15.0,145.0
15.0,145.0
15.0,145.0
13.5,145.0
13.5,145.0
13.5,145.0
15.0,145.0
15.0,145.0
15.0,142.25
17.5,142.25
17.5,142.25
17.5,144.0
20.0,144.0
20.0,144.0
20.0,142.0
16.5,142.0
16.5,142.0
16.5,140.5
23.0,140.5
23.0,140.5
23.0,139.75
24.0,139.75
24.0,139.75
24.0,141.0
25.5,141.0
25.5,141.0
25.5,141.0
30.5,141.0
30.5,141.0
30.5,141.0
33.5,141.0
33.5,141.0
33.5,139.75
33.5,139.75
33.5,139.75
33.5,140.5
35.0,140.5
35.0,140.5
35.0,140.5
42.0,140.5
42.0,140.5
42.0,140.5
45.0,140.5
45.0,140.5
45.0,135.75
45.0,135.75
45.0,135.75
45.0,137.5
47.0,137.5
47.0,137.5
47.0,137.5
52.5,137.5
52.5,137.5
52.5,137.5
54.0,137.5
54.0,137.5
54.0,134.0
54.0,134.0
54.0,134.0
54.0,133.25
59.0,133.25
59.0,133.25
59.0,134.5
62.5,134.5
62.5,134.5
62.5,135.75
59.0,135.75
59.0,135.75
59.0,135.75
62.5,135.75
62.5,135.75
62.5,135.75
59.0,135.75
59.0,135.75
59.0,132.25
61.5,132.25
61.5,132.25
61.5,131.75
65.0,131.75
65.0,131.75
65.0,130.0
61.5,130.0
61.5,130.0
61.5,129.0
60.5,129.0
60.5,129.0
60.5,127.75
66.0,127.75
66.0,127.75
66.0,130.5
68.5,130.5
68.5,130.5
68.5,131.25
64.0,131.25
64.0,131.25
64.0,131.25
62.5,131.25
62.5,131.25
62.5,129.5
67.5,129.5
67.5,129.5
67.5,129.5
68.5,129.5
68.5,129.5
68.5,130.75
61.5,130.75
61.5,130.75
61.5,131.25
60.5,131.25
60.5,131.25
60.5,128.75
61.5,128.75
61.5,128.75
61.5,131.25
66.0,131.25
66.0,131.25
66.0,131.25
57.0,131.25
57.0,131.25
57.0,131.5
61.5,131.5
61.5,131.5
61.5,132.75
63.0,132.75
63.0,132.75
63.0,132.75
56.5,132.75
56.5,132.75
56.5,132.25
55.5,132.25
55.5,132.25
55.5,133.25
61.5,133.25
61.5,133.25
61.5,130.25
53.5,130.25
53.5,130.25
53.5,133.0
52.0,133.0
52.0,133.0
52.0,127.5
57.0,127.5
57.0,127.5
57.0,128.0
57.0,128.0
57.0,128.0
57.0,126.25
48.0,126.25
48.0,126.25
48.0,126.25
47.0,126.25
47.0,126.25
47.0,133.75
51.5,133.75
51.5,133.75
51.5,135.5
42.0,135.5
42.0,135.5
42.0,135.5
42.0,135.5
42.0,135.5
42.0,141.75
47.0,141.75
47.0,141.75
47.0,141.75
40.0,141.75
40.0,141.75
40.0,133.75
38.0,133.75
38.0,133.75
38.0,135.0
39.5,135.0
39.5,135.0
39.5,135.25
39.5,135.25
39.5,135.25
39.5,135.25
30.5,135.25
30.5,135.25
30.5,135.5
29.0,135.5
29.0,135.5
29.0,135.75
31.0,135.75
31.0,135.75
31.0,135.75
24.5,135.75
24.5,135.75
24.5,136.0
24.0,136.0
24.0,136.0
24.0,136.25
26.0,136.25
26.0,136.25
26.0,136.25
26.0,136.25
26.0,136.25
26.0,133.25
20.5,133.25
20.5,133.25
20.5,136.5
19.5,136.5
19.5,136.5
19.5,136.75
22.0,136.75
22.0,136.75
22.0,136.75
17.5,136.75
17.5,136.75
17.5,137.0
17.0,137.0
17.0,137.0
17.0,134.5
23.0,134.5
23.0,134.5
23.0,137.5
20.0,137.5
20.0,137.5
20.0,137.5
18.0,137.5
18.0,137.5
18.0,137.5
16.0,137.5
16.0,137.5
16.0,138.75
13.0,138.75
13.0,138.75
13.0,142.5
13.0,142.5
13.0,142.5
13.0,142.5
16.0,142.5
16.0,142.5
16.0,138.25
11.5,138.25
11.5,138.25
11.5,138.25
14.0,138.25
14.0,138.25
14.0,138.75
15.0,138.75
15.0,138.75
15.0,139.0
15.0,139.0
15.0,139.0
15.0,140.0
11.5,140.0
11.5,140.0
11.5,140.25
11.0,140.25
11.0,140.25
11.0,140.25
13.5,140.25
13.5,140.25
13.5,138.75
13.5,138.75
13.5,138.75
13.5,138.75
9.0,138.75
9.0,138.75
9.0,139.25
11.5,139.25
11.5,139.25
11.5,138.0
11.5,138.0
11.5,138.0
11.5,138.75
8.5,138.75
8.5,138.75
8.5,142.25
8.0,142.25
8.0,142.25
8.0,142.25
10.5,142.25
10.5,142.25
10.5,142.0
10.5,142.0
10.5,142.0
10.5,142.0
6.5,142.0
6.5,142.0
6.5,142.0
8.5,142.0
8.5,142.0
8.5,142.0
9.5,142.0
9.5,142.0
9.5,142.0
6.0,142.0
6.0,142.0
6.0,141.0
5.5,141.0
5.5,141.0
5.5,141.25
6.5,141.25
6.5,141.25
6.5,136.25
7.0,136.25
7.0,136.25
7.0,135.25
7.0,135.25
7.0,135.25
7.0,135.25
3.5,135.25
3.5,135.25
3.5,135.75
3.0,135.75
3.0,135.75
3.0,139.0
5.0,139.0
5.0,139.0
5.0,139.75
6.5,139.75
6.5,139.75
6.5,141.0
4.0,141.0
4.0,141.0
4.0,142.0
4.0,142.0
4.0,142.0
4.0,134.75
3.0,134.75
3.0,134.75
3.0,134.0
4.5,134.0
4.5,134.0
4.5,134.0
4.5,134.0
4.5,134.0
4.5,134.75
2.0,134.75
2.0,134.75
2.0,138.0
1.0,138.0
1.0,138.0
1.0,141.25
2.5,141.25
2.5,141.25
2.5,142.25
3.0,142.25
3.0,142.25
3.0,142.25
0.0,142.25
0.0,142.25
0.0,142.25
0.0,142.25
0.0,142.25
0.0,141.5
1.5,141.5
1.5,141.5
1.5,139.0
2.0,139.0
2.0,139.0
2.0,138.75
0.0,138.75
0.0,138.75
0.0,136.75
0.0,136.75
0.0,136.75
0.0,137.75
1.0,137.75
1.0,137.75
1.0,138.75
1.5,138.75
1.5,138.75
1.5,141.5
0.0,141.5
0.0,141.5
0.0,141.5
0.0,141.5
0.0,141.5
0.0,140.0
1.5,140.0
1.5,140.0
1.5,140.5
0.0,140.5
0.0,140.5
0.0,137.25
0.0,137.25
0.0,137.25
0.0,136.5
3.0,136.5
3.0,136.5
3.0,135.5
0.0,135.5
0.0,135.5
0.0,137.0
0.0,137.0
0.0,137.0
0.0,138.0
0.0,138.0
0.0,138.0
0.0,140.5
0.0,140.5
0.0,140.5
0.0,140.5
0.0,140.5
0.0,140.5
0.0,140.5
0.0,140.5
0.0,140.5
0.0,142.5
0.0,142.5
0.0,142.5
0.0,139.5
2.0,139.5
2.0,139.5
2.0,143.0
2.0,143.0
2.0,143.0
2.0,142.0
0.0,142.0
0.0,142.0
0.0,142.75
0.0,142.75
0.0,142.75
0.0,142.75
0.0,142.75
0.0,142.75
0.0,138.25
0.0,138.25
0.0,138.25
0.0,136.75
1.0,136.75
1.0,136.75
1.0,135.75
1.0,135.75
1.0,135.75
1.0,137.25
0.0,137.25
0.0,137.25
0.0,140.75
0.0,140.75
0.0,140.75
0.0,141.0
0.5,141.0
0.5,141.0
0.5,139.75
1.0,139.75
1.0,139.75
1.0,139.5
0.0,139.5
0.0,139.5
0.0,140.5
0.0,140.5
0.0,140.5
0.0,140.5
0.0,140.5
0.0,140.5
0.0,138.5
0.0,138.5
0.0,138.5
0.0,139.5
0.0,139.5
0.0,139.5
0.0,141.25
0.0,141.25
0.0,141.25
0.0,142.5
2.0,142.5
2.0,142.5
2.0,141.5
2.0,141.5
2.0,141.5
2.0,140.75
0.0,140.75
0.0,140.75
0.0,141.5
0.0,141.5
0.0,141.5
0.0,142.75
0.0,142.75
0.0,142.75
0.0,143.25
2.0,143.25
2.0,143.25
2.0,143.25
0.0,143.25
0.0,143.25
0.0,143.25
0.0,143.25
0.0,143.25
0.0,143.25
0.0,143.25
0.0,143.25
0.0,139.5
0.0,139.5
0.0,139.5
0.0,140.0
0.0,140.0
0.0,140.0
0.0,137.75
0.0,137.75
0.0,137.75
0.0,140.0
0.0,140.0
0.0,140.0
0.0,141.75
0.5,141.75
0.5,141.75
0.5,141.75
0.0,141.75
0.0,141.75
0.0,140.75
0.0,140.75
0.0,140.75
0.0,141.25
0.0,141.25
0.0,141.25
0.0,141.25
0.0,141.25
0.0,141.25
0.0,139.5
0.0,139.5
0.0,139.5
0.0,140.5
0.0,140.5
0.0,140.5
0.0,141.5
0.0,141.5
0.0,141.5
0.0,142.5
0.0,142.5
0.0,142.5
0.0,142.5
0.0,142.5
0.0,142.5
0.0,139.25
0.0,139.25
0.0,139.25
0.0,139.75
0.0,139.75
0.0,139.75
0.0,142.5
0.0,142.5
0.0,142.5
0.0,142.75
0.0,142.75
0.0,142.75
0.0,143.5
0.0,143.5
0.0,143.5
0.0,144.25
0.0,144.25
0.0,144.25
0.0,143.0
0.0,143.0
0.0,143.0
0.0,143.5
0.0,143.5
0.0,143.5
0.0,143.5
0.0,143.5
0.0,143.5
0.0,143.75
0.0,143.75
0.0,143.75
0.0,143.75
0.0,143.75
0.0,143.75
0.0,144.0
0.5,144.0
0.5,144.0
0.5,145.75
0.5,145.75
0.5,145.75
0.5,145.75
0.0,145.75
0.0,145.75
0.0,146.0
0.0,146.0
0.0,146.0
0.0,144.0
1.5,144.0
1.5,144.0
1.5,145.75
0.0,145.75
0.0,145.75
0.0,143.25
0.0,143.25
0.0,143.25
0.0,144.25
0.0,144.25
0.0,144.25
0.0,143.0
1.0,143.0
1.0,143.0
1.0,143.5
0.0,143.5
0.0,143.5
0.0,142.5
0.0,142.5
0.0,142.5
0.0,143.0
0.0,143.0
0.0,143.0
0.0,143.5
0.0,143.5
0.0,143.5
0.0,143.5
0.0,143.5
0.0,143.5
0.0,142.75
0.0,142.75
0.0,142.75
0.0,144.25
0.0,144.25
0.0,144.25
0.0,145.25
0.5,145.25
0.5,145.25
0.5,144.75
0.0,144.75
0.0,144.75
0.0,145.25
0.0,145.25
0.0,145.25
0.0,145.25
0.0,145.25
0.0,145.25
0.0,143.25
0.0,143.25
0.0,143.25
0.0,143.0
0.0,143.0
0.0,143.0
0.0,143.0
0.0,143.0
0.0,143.0
0.0,144.5
0.0,144.5
0.0,144.5
0.0,144.75
0.0,144.75
0.0,144.75
0.0,145.0
0.0,145.0
0.0,145.0
0.0,145.25
0.0,145.25
0.0,145.25
0.0,145.75
0.0,145.75
0.0,145.75
0.0,146.0
0.0,146.0
0.0,146.0
0.0,146.25
0.0,146.25
0.0,146.25
0.0,146.75
3.0,146.75
3.0,146.75
3.0,148.0
4.0,148.0
4.0,148.0
4.0,149.0
5.5,149.0
5.5,149.0
5.5,150.5
8.0,150.5
8.0,150.5
8.0,151.5
8.0,151.5
8.0,151.5
8.0,153.25
3.0,153.25
3.0,153.25
3.0,155.0
2.0,155.0
2.0,155.0
2.0,157.0
4.0,157.0
4.0,157.0
4.0,157.0
2.0,157.0
2.0,157.0
2.0,154.25
1.0,154.25
1.0,154.25
1.0,152.75
3.0,152.75
3.0,152.75
3.0,151.25
0.0,151.25
0.0,151.25
0.0,150.25
2.0,150.25
2.0,150.25
2.0,151.25
4.0,151.25
4.0,151.25
4.0,151.25
1.0,151.25
1.0,151.25
1.0,152.25
1.0,152.25
1.0,152.25
1.0,152.5
3.5,152.5
3.5,152.5
3.5,150.0
4.5,150.0
4.5,150.0
4.5,150.0
1.5,150.0
1.5,150.0
1.5,151.0
4.0,151.0
4.0,151.0
4.0,148.75
0.5,148.75
0.5,148.75
0.5,148.25
2.0,148.25
2.0,148.25
2.0,150.0
4.0,150.0
4.0,150.0
4.0,150.0
1.5,150.0
1.5,150.0
1.5,146.75
0.0,146.75
0.0,146.75
0.0,145.75
3.0,145.75
3.0,145.75
3.0,143.5
5.0,143.5
5.0,143.5
5.0,136.5
2.0,136.5
2.0,136.5
2.0,134.5
1.5,134.5
1.5,134.5
1.5,134.5
3.0,134.5
3.0,134.5
3.0,135.0
4.5,135.0
4.5,135.0
4.5,134.25
4.5,134.25
4.5,134.25
4.5,134.25
0.0,134.25
0.0,134.25
0.0,134.75
0.0,134.75
0.0,134.75
0.0,146.75
1.5,146.75
1.5,146.75
1.5,148.25
2.0,148.25
2.0,148.25
2.0,145.0
0.0,145.0
0.0,145.0
0.0,145.0
0.0,145.0
0.0,145.0
0.0,145.5
0.0,145.5
0.0,145.5
0.0,143.75
0.0,143.75
0.0,143.75
0.0,143.75
0.0,143.75
0.0,143.75
0.0,143.75
0.0,143.75
0.0,143.75
0.0,142.75
0.0,142.75
0.0,142.75
0.0,144.25
0.0,144.25
0.0,144.25
0.0,145.25
0.5,145.25
0.5,145.25
0.5,144.0
3.0,144.0
3.0,144.0
3.0,141.25
3.0,141.25
3.0,141.25
3.0,141.0
0.5,141.0
0.5,141.0
0.5,141.75
5.0,141.75
5.0,141.75
5.0,140.75
2.0,140.75
2.0,140.75
2.0,143.75
4.5,143.75
4.5,143.75
4.5,144.0
7.5,144.0
7.5,144.0
7.5,145.25
7.5,145.25
7.5,145.25
7.5,143.25
4.5,143.25
4.5,143.25
4.5,145.0
6.5,145.0
6.5,145.0
6.5,149.75
2.0,149.75
2.0,149.75
2.0,145.25
0.5,145.25
0.5,145.25
0.5,147.25
2.5,147.25
2.5,147.25
2.5,145.25
3.5,145.25
3.5,145.25
3.5,143.0
0.0,143.0
0.0,143.0
0.0,140.5
2.0,140.5
2.0,140.5
2.0,139.75
0.0,139.75
0.0,139.75
0.0,140.25
0.0,140.25
0.0,140.25
0.0,141.75
0.0,141.75
0.0,141.75
0.0,142.75
0.5,142.75
0.5,142.75
0.5,144.0
0.0,144.0
0.0,144.0
0.0,144.0
0.0,144.0
0.0,144.0
0.0,143.25
1.5,143.25
1.5,143.25
1.5,144.0
1.5,144.0
1.5,144.0
1.5,142.75
0.0,142.75
0.0,142.75
0.0,143.5
0.0,143.5
0.0,143.5
0.0,144.0
0.0,144.0
0.0,144.0
0.0,144.75
0.5,144.75
0.5,144.75
0.5,144.0
0.0,144.0
0.0,144.0
0.0,143.5
0.0,143.5
0.0,143.5
0.0,144.0
0.0,144.0
0.0,144.0
0.0,145.5
0.5,145.5
0.5,145.5
0.5,145.5
0.0,145.5
0.0,145.5
0.0,144.25
0.0,144.25
0.0,144.25
0.0,146.0
3.0,146.0
3.0,146.0
3.0,146.25
1.0,146.25
1.0,146.25
1.0,145.0
0.0,145.0
0.0,145.0
0.0,145.75
0.5,145.75
0.5,145.75
0.5,145.75
0.5,145.75
0.5,145.75
0.5,146.25
4.0,146.25
4.0,146.25
4.0,146.25
6.0,146.25
6.0,146.25
6.0,142.5
7.0,142.5
7.0,142.5
7.0,142.25
8.5,142.25
8.5,142.25
8.5,142.0
11.5,142.0
11.5,142.0
11.5,140.75
14.5,140.75
14.5,140.75
14.5,140.25
17.5,140.25
17.5,140.25
17.5,142.75
20.0,142.75
20.0,142.75
20.0,143.0
22.5,143.0
22.5,143.0
22.5,143.5
24.0,143.5
24.0,143.5
24.0,138.25
28.0,138.25
28.0,138.25
28.0,137.5
33.0,137.5
33.0,137.5
33.0,136.75
36.5,136.75
36.5,136.75
36.5,136.5
40.0,136.5
40.0,136.5
40.0,136.5
43.0,136.5
43.0,136.5
43.0,136.25
45.5,136.25
45.5,136.25
45.5,134.25
52.0,134.25
52.0,134.25
52.0,136.5
53.5,136.5
53.5,136.5
53.5,134.0
55.0,134.0
55.0,134.0
55.0,134.0
56.0,134.0
56.0,134.0
56.0,132.5
57.5,132.5
57.5,132.5
57.5,132.5
61.0,132.5
61.0,132.5
61.0,134.25
58.5,134.25
58.5,134.25
58.5,135.25
60.5,135.25
60.5,135.25
60.5,133.5
64.5,133.5
64.5,133.5
64.5,136.0
64.5,136.0
64.5,136.0
64.5,132.75
57.5,132.75
57.5,132.75
57.5,135.25
60.0,135.25
60.0,135.25
60.0,132.25
64.0,132.25
64.0,132.25
64.0,134.0
64.0,134.0
64.0,134.0
64.0,131.5
60.0,131.5
60.0,131.5
60.0,131.5
57.5,131.5
57.5,131.5
57.5,131.0
63.0,131.0
63.0,131.0
63.0,130.5
63.0,130.5
63.0,130.5
63.0,130.0
57.5,130.0
57.5,130.0
57.5,129.5
56.0,129.5
56.0,129.5
56.0,129.25
52.5,129.25
52.5,129.25
52.5,128.75
51.5,128.75
51.5,128.75
51.5,128.25
54.0,128.25
54.0,128.25
54.0,128.0
45.5,128.0
45.5,128.0
45.5,127.0
44.0,127.0
44.0,127.0
44.0,126.75
46.5,126.75
46.5,126.75
46.5,126.25
41.0,126.25
41.0,126.25
41.0,126.0
39.0,126.0
39.0,126.0
39.0,125.5
38.0,125.5
38.0,125.5
38.0,125.25
39.5,125.25
39.5,125.25
39.5,124.75
30.5,124.75
30.5,124.75
30.5,124.25
28.0,124.25
28.0,124.25
28.0,123.75
28.0,123.75
28.0,123.75
28.0,126.0
29.0,126.0
29.0,126.0
29.0,126.0
22.5,126.0
22.5,126.0
22.5,126.75
20.5,126.75
20.5,126.75
20.5,127.75
22.5,127.75
22.5,127.75
22.5,124.0
18.0,124.0
18.0,124.0
18.0,127.0
15.5,127.0
15.5,127.0
15.5,122.5
15.5,122.5
15.5,122.5
15.5,120.25
19.0,120.25
19.0,120.25
19.0,119.75
19.0,119.75
19.0,119.75
19.0,119.0
14.0,119.0
14.0,119.0
14.0,122.0
16.5,122.0
16.5,122.0
16.5,127.25
16.5,127.25
16.5,127.25
16.5,127.5
10.5,127.5
10.5,127.5
10.5,127.5
15.0,127.5
15.0,127.5
15.0,127.75
16.5,127.75
16.5,127.75
16.5,128.75
15.5,128.75
15.5,128.75
15.5,129.25
11.0,129.25
11.0,129.25
11.0,130.5
15.0,130.5
15.0,130.5
15.0,128.0
15.0,128.0
15.0,128.0
15.0,129.0
7.5,129.0
7.5,129.0
7.5,129.25
6.0,129.25
6.0,129.25
6.0,130.75
2.5,130.75
2.5,130.75
2.5,131.5
6.0,131.5
6.0,131.5
6.0,132.75
8.0,132.75
8.0,132.75
8.0,132.75
3.5,132.75
3.5,132.75
3.5,130.75
2.5,130.75
2.5,130.75
2.5,132.75
2.0,132.75
2.0,132.75
2.0,133.5
0.0,133.5
0.0,133.5
0.0,134.5
0.0,134.5
0.0,134.5
0.0,133.0
0.0,133.0
0.0,133.0
0.0,134.5
0.5,134.5
0.5,134.5
0.5,135.0
0.0,135.0
0.0,135.0
0.0,138.0
0.0,138.0
0.0,138.0
0.0,133.5
0.0,133.5
0.0,133.5
0.0,137.0
0.0,137.0
0.0,137.0
0.0,138.0
0.0,138.0
0.0,138.0
0.0,138.0
0.0,138.0
0.0,138.0
0.0,138.0
0.0,138.0
0.0,138.0
0.0,138.0
0.0,138.0
0.0,138.0
0.0,138.0
0.0,138.0
0.0,138.0
0.0,138.0
0.0,138.0
0.0,138.0
0.0,138.0
0.0,138.0
0.0,138.0
0.0,136.75
0.0,136.75
0.0,136.75
0.0,136.5
0.0,136.5
0.0,136.5
0.0,136.25
0.5,136.25
0.5,136.25
0.5,137.25
1.5,137.25
1.5,137.25
1.5,136.0
0.0,136.0
0.0,136.0
0.0,135.75
0.0,135.75
0.0,135.75
0.0,135.75
0.0,135.75
0.0,135.75
0.0,135.5
0.0,135.5
0.0,135.5
0.0,136.25
0.0,136.25
0.0,136.25
0.0,135.0
0.0,135.0
0.0,135.0
0.0,136.0
0.0,136.0
0.0,136.0
0.0,135.0
0.0,135.0
0.0,135.0
0.0,136.0
0.0,136.0
0.0,136.0
0.0,136.5
0.0,136.5
0.0,136.5
0.0,136.5
0.0,136.5
0.0,136.5
0.0,136.75
0.0,136.75
0.0,136.75
0.0,137.0
0.0,137.0
0.0,137.0
0.0,137.0
0.0,137.0
0.0,137.0
0.0,137.0
0.0,137.0
0.0,137.0
0.0,135.5
2.0,135.5
2.0,135.5
2.0,135.25
2.0,135.25
2.0,135.25
2.0,129.25
4.0,129.25
4.0,129.25
4.0,135.5
5.0,135.5
5.0,135.5
5.0,136.0
2.0,136.0
2.0,136.0
2.0,134.75
2.5,134.75
2.5,134.75
2.5,134.75
5.0,134.75
5.0,134.75
5.0,135.25
6.5,135.25
6.5,135.25
6.5,135.25
6.5,135.25
6.5,135.25
6.5,135.5
8.5,135.5
8.5,135.5
8.5,135.75
11.0,135.75
11.0,135.75
11.0,136.0
10.0,136.0
10.0,136.0
10.0,136.5
12.0,136.5
12.0,136.5
12.0,136.75
14.5,136.75
14.5,136.75
14.5,137.0
16.0,137.0
16.0,137.0
16.0,137.25
16.0,137.25
16.0,137.25
16.0,137.75
16.5,137.75
16.5,137.75
16.5,138.0
16.5,138.0
16.5,138.0
16.5,138.0
18.0,138.0
18.0,138.0
18.0,138.0
19.0,138.0
19.0,138.0
19.0,136.5
17.5,136.5
17.5,136.5
17.5,136.5
19.0,136.5
19.0,136.5
19.0,137.5
16.0,137.5
16.0,137.5
16.0,137.5
17.5,137.5
17.5,137.5
17.5,137.75
13.5,137.75
13.5,137.75
13.5,137.75
16.5,137.75
16.5,137.75
16.5,138.25
16.5,138.25
16.5,138.25
16.5,143.0
14.0,143.0
14.0,143.0
14.0,137.75
17.5,137.75
17.5,137.75
17.5,138.25
17.5,138.25
17.5,138.25
17.5,138.25
14.0,138.25
14.0,138.25
14.0,136.75
13.0,136.75
13.0,136.75
13.0,136.0
14.0,136.0
14.0,136.0
14.0,134.75
14.5,134.75
14.5,134.75
14.5,134.5
10.5,134.5
10.5,134.5
10.5,134.5
10.0,134.5
10.0,134.5
10.0,134.5
8.5,134.5
8.5,134.5
8.5,135.5
10.0,135.5
10.0,135.5
10.0,135.5
10.5,135.5
10.5,135.5
10.5,135.5
7.0,135.5
7.0,135.5
7.0,135.5
6.0,135.5
6.0,135.5
6.0,135.5
7.5,135.5
7.5,135.5
7.5,133.5
7.5,133.5
7.5,133.5
7.5,134.5
3.5,134.5
3.5,134.5
3.5,133.5
2.5,133.5
2.5,133.5
2.5,134.25
4.0,134.25
4.0,134.25
4.0,134.25
4.0,134.25
4.0,134.25
4.0,133.25
0.0,133.25
0.0,133.25
0.0,134.0
0.0,134.0
0.0,134.0
0.0,133.0
0.5,133.0
0.5,133.0
0.5,133.75
0.0,133.75
0.0,133.75
0.0,132.75
0.0,132.75
0.0,132.75
0.0,133.5
0.0,133.5
0.0,133.5
0.0,132.25
0.0,132.25
0.0,132.25
0.0,133.25
0.0,133.25
0.0,133.25
0.0,132.0
0.0,132.0
0.0,132.0
0.0,133.0
0.0,133.0
0.0,133.0
0.0,133.25
0.0,133.25
0.0,133.25
0.0,133.25
0.0,133.25
0.0,133.25
0.0,133.5
0.0,133.5
0.0,133.5
0.0,133.75
0.0,133.75
0.0,133.75
0.0,134.0
0.0,134.0
0.0,134.0
0.0,134.0
0.0,134.0
0.0,134.0
0.0,134.25
0.0,134.25
0.0,134.25
0.0,134.5
0.0,134.5
0.0,134.5
0.0,134.75
0.0,134.75
0.0,134.75
0.0,135.0
0.0,135.0
0.0,135.0
0.0,135.25
1.0,135.25
1.0,135.25
1.0,135.25
2.5,135.25
2.5,135.25
2.5,136.5
2.5,136.5
2.5,136.5
2.5,136.5
0.0,136.5
0.0,136.5
0.0,136.5
0.0,136.5
0.0,136.5
0.0,134.5
0.0,134.5
0.0,134.5
0.0,134.5
0.0,134.5
0.0,134.5
0.0,136.25
0.0,136.25
0.0,136.25
0.0,136.5
0.0,136.5
0.0,136.5
0.0,137.25
0.0,137.25
0.0,137.25
0.0,137.5
0.0,137.5
0.0,137.5
0.0,138.0
0.0,138.0
0.0,138.0
0.0,138.25
0.0,138.25
0.0,138.25
0.0,138.5
0.0,138.5
0.0,138.5
0.0,138.75
1.5,138.75
1.5,138.75
1.5,138.75
2.5,138.75
2.5,138.75
2.5,138.75
2.5,138.75
2.5,138.75
2.5,134.25
4.0,134.25
4.0,134.25
4.0,133.75
8.0,133.75
8.0,133.75
8.0,133.0
9.0,133.0
9.0,133.0
9.0,133.0
7.0,133.0
7.0,133.0
7.0,133.0
6.5,133.0
6.5,133.0
6.5,134.25
5.0,134.25
5.0,134.25
5.0,134.25
8.0,134.25
8.0,134.25
8.0,134.5
10.0,134.5
10.0,134.5
10.0,134.5
7.5,134.5
7.5,134.5
7.5,134.5
6.0,134.5
6.0,134.5
6.0,134.5
4.5,134.5
4.5,134.5
4.5,133.0
6.5,133.0
6.5,133.0
6.5,132.75
6.5,132.75
6.5,132.75
6.5,134.25
3.5,134.25
3.5,134.25
3.5,132.5
3.0,132.5
3.0,132.5
3.0,131.0
2.0,131.0
2.0,131.0
2.0,131.0
3.5,131.0
3.5,131.0
3.5,133.25
2.0,133.25
2.0,133.25
2.0,134.75
3.5,134.75
3.5,134.75
3.5,136.0
4.0,136.0
4.0,136.0
4.0,137.0
6.0,137.0
6.0,137.0
6.0,141.5
7.5,141.5
7.5,141.5
7.5,137.25
8.0,137.25
8.0,137.25
8.0,139.5
9.0,139.5
9.0,139.5
9.0,135.5
10.0,135.5
10.0,135.5
10.0,135.25
7.5,135.25
7.5,135.25
7.5,135.0
6.0,135.0
6.0,135.0
6.0,135.0
5.0,135.0
5.0,135.0
5.0,135.0
4.5,135.0
4.5,135.0
4.5,136.25
3.0,136.25
3.0,136.25
3.0,138.75
4.5,138.75
4.5,138.75
4.5,138.75
5.5,138.75
5.5,138.75
5.5,138.75
6.5,138.75
6.5,138.75
6.5,138.75
8.0,138.75
8.0,138.75
8.0,140.5
5.5,140.5
5.5,140.5
5.5,135.5
7.0,135.5
7.0,135.5
7.0,138.75
7.5,138.75
7.5,138.75
7.5,134.5
9.5,134.5
9.5,134.5
9.5,133.75
11.5,133.75
11.5,133.75
11.5,132.5
10.0,132.5
10.0,132.5
10.0,132.25
12.0,132.25
12.0,132.25
12.0,132.0
13.5,132.0
13.5,132.0
13.5,131.5
15.0,131.5
15.0,131.5
15.0,131.25
13.0,131.25
13.0,131.25
13.0,131.0
14.5,131.0
14.5,131.0
14.5,130.75
15.0,130.75
15.0,130.75
15.0,130.5
15.5,130.5
15.5,130.5
15.5,130.25
19.5,130.25
19.5,130.25
19.5,132.25
21.5,132.25
21.5,132.25
21.5,133.25
19.5,133.25
19.5,133.25
19.5,134.25
20.5,134.25
20.5,134.25
20.5,134.5
22.0,134.5
22.0,134.5
22.0,134.5
22.0,134.5
22.0,134.5
22.0,134.5
21.0,134.5
21.0,134.5
21.0,133.0
22.5,133.0
22.5,133.0
22.5,132.75
22.5,132.75
22.5,132.75
22.5,132.25
25.5,132.25
25.5,132.25
25.5,131.5
25.5,131.5
25.5,131.5
25.5,131.0
22.5,131.0
22.5,131.0
22.5,131.0
24.0,131.0
24.0,131.0
24.0,131.0
26.5,131.0
26.5,131.0
26.5,130.75
27.0,130.75
27.0,130.75
27.0,131.5
24.0,131.5
24.0,131.5
24.0,131.5
23.0,131.5
23.0,131.5
23.0,137.25
21.5,137.25
21.5,137.25
21.5,128.25
20.5,128.25
20.5,128.25
20.5,131.25
17.5,131.25
17.5,131.25
17.5,127.75
17.0,127.75
17.0,127.75
17.0,127.75
16.0,127.75
16.0,127.75
16.0,127.5
15.5,127.5
15.5,127.5
15.5,127.5
13.0,127.5
13.0,127.5
13.0,128.25
16.5,128.25
16.5,128.25
16.5,127.5
18.0,127.5
18.0,127.5
18.0,128.0
14.5,128.0
14.5,128.0
14.5,128.0
13.0,128.0
13.0,128.0
13.0,135.0
14.0,135.0
14.0,135.0
14.0,136.0
11.0,136.0
11.0,136.0
11.0,136.75
8.0,136.75
8.0,136.75
8.0,137.5
5.5,137.5
5.5,137.5
5.5,131.5
5.5,131.5
5.5,131.5
5.5,133.75
11.0,133.75
11.0,133.75
11.0,133.75
8.0,133.75
8.0,133.75
8.0,134.5
7.0,134.5
7.0,134.5
7.0,137.75
8.0,137.75
8.0,137.75
8.0,135.75
9.0,135.75
9.0,135.75
9.0,136.0
9.0,136.0
9.0,136.0
9.0,136.0
4.5,136.0
4.5,136.0
4.5,139.5
2.5,139.5
2.5,139.5
2.5,137.25
1.0,137.25
1.0,137.25
1.0,139.25
2.5,139.25
2.5,139.25
2.5,139.25
0.0,139.25
0.0,139.25
0.0,139.5
0.0,139.5
0.0,139.5
0.0,139.5
0.0,139.5
0.0,139.5
0.0,139.5
0.0,139.5
0.0,139.5
0.0,139.5
0.0,139.5
0.0,139.5
0.0,139.5
0.0,139.5
0.0,139.5
0.0,136.75
0.0,136.75
0.0,136.75
0.0,138.25
0.0,138.25
0.0,138.25
0.0,134.0
0.0,134.0
0.0,134.0
0.0,134.0
0.0,134.0
0.0,134.0
0.0,134.0
0.0,134.0
0.0,134.0
0.0,135.0
0.0,135.0
0.0,135.0
0.0,135.0
0.0,135.0
0.0,135.0
0.0,135.0
0.0,135.0
0.0,135.0
0.0,135.25
0.0,135.25
0.0,135.25
0.0,135.25
0.0,135.25
0.0,135.25
0.0,135.25
0.0,135.25
0.0,135.25
0.0,135.75
0.0,135.75
0.0,135.75
0.0,136.25
0.0,136.25
0.0,136.25
0.0,136.75
0.0,136.75
0.0,136.75
0.0,137.25
0.0,137.25
0.0,137.25
0.0,137.25
0.0,137.25
0.0,137.25
0.0,137.25
0.0,137.25
0.0,137.25
0.0,137.25
0.0,137.25
0.0,137.25
0.0,137.25
0.0,137.25
0.0,137.25
0.0,137.75
0.0,137.75
0.0,137.75
0.0,138.25
0.0,138.25
0.0,138.25
0.0,138.75
0.0,138.75
0.0,138.75
0.0,139.0
1.0,139.0
1.0,139.0
1.0,139.25
2.0,139.25
2.0,139.25
2.0,139.75
0.0,139.75
0.0,139.75
0.0,140.0
0.0,140.0
0.0,140.0
0.0,140.0
0.0,140.0
0.0,140.0
0.0,140.0
0.0,140.0
0.0,140.0
0.0,140.0
0.0,140.0
0.0,140.0
0.0,135.75
0.0,135.75
0.0,135.75
0.0,135.75
0.0,135.75
0.0,135.75
0.0,137.5
0.0,137.5
0.0,137.5
0.0,138.0
0.0,138.0
0.0,138.0
0.0,138.25
0.0,138.25
0.0,138.25
0.0,138.25
0.0,138.25
0.0,138.25
0.0,138.25
0.0,138.25
0.0,138.25
0.0,141.0
0.0,141.0
0.0,141.0
0.0,139.0
0.0,139.0
0.0,139.0
0.0,139.5
0.0,139.5
0.0,139.5
0.0,140.75
0.0,140.75
0.0,140.75
0.0,141.0
0.0,141.0
0.0,141.0
0.0,141.0
1.5,141.0
1.5,141.0
1.5,141.0
0.0,141.0
0.0,141.0
0.0,136.0
0.0,136.0
0.0,136.0
0.0,137.75
0.0,137.75
0.0,137.75
0.0,138.0
0.0,138.0
0.0,138.0
0.0,138.5
1.0,138.5
1.0,138.5
1.0,139.25
1.0,139.25
1.0,139.25
1.0,139.75
0.0,139.75
0.0,139.75
0.0,140.25
0.0,140.25
0.0,140.25
0.0,140.5
0.0,140.5
0.0,140.5
0.0,140.5
0.0,140.5
0.0,140.5
0.0,139.75
0.0,139.75
0.0,139.75
0.0,139.75
0.0,139.75
0.0,139.75
